airplane;caltech/airplane/image_0018.jpg;-6.74933;3.24703;17.7779;2.46086;-9.93445;1.98602;13.048;1.13375;-1.74175;8.8431;2.24425;-8.46995;2.8505;10.7623;10.8048;4.22857;-2.71176;-9.78659;7.90417;14.2779;-12.22;-10.7185;10.992;-0.803892;
airplane;caltech/airplane/image_0006.jpg;-6.69397;2.52594;18.3945;3.63008;-9.4374;2.79849;13.7765;0.335171;-1.36229;8.55089;3.04515;-10.134;3.21359;11.7615;10.5799;3.30198;-1.11318;-9.93207;9.04131;15.4276;-11.6906;-10.7696;14.3895;-0.0884398;
airplane;caltech/airplane/image_0001.jpg;-6.93688;2.27361;17.6413;2.85297;-9.4808;2.73633;12.5853;0.508413;-1.67622;7.97047;2.59415;-10.744;3.14292;11.1019;10.2337;2.61696;-1.29061;-9.83669;9.09694;14.7531;-11.6191;-10.1013;14.763;0.402795;
airplane;caltech/airplane/image_0039.jpg;-7.20188;2.59157;17.7501;3.02557;-9.32711;3.26555;13.2838;0.776964;-1.71566;8.3968;2.71071;-10.5086;2.77125;11.2263;10.1734;2.80984;-1.41771;-9.61205;9.21497;14.5316;-12.0725;-9.99256;14.1158;0.313291;
airplane;caltech/airplane/image_0032.jpg;-7.24431;3.29154;17.9922;2.45207;-9.80263;2.01803;14.0077;0.569258;-1.14957;8.07458;2.86448;-8.67912;3.14478;10.709;10.5794;3.96013;-1.1127;-9.8235;8.25253;13.6653;-11.465;-11.1032;11.7864;-0.538293;
airplane;caltech/airplane/image_0029.jpg;-7.1818;2.11571;17.698;3.68055;-8.83669;3.20196;13.2584;-0.0242368;-1.78299;8.15184;3.24472;-11.4508;3.54182;11.8569;10.8941;4.16249;-1.73238;-9.70759;8.70448;15.6671;-10.9977;-10.8262;14.8835;-0.522528;
airplane;caltech/airplane/image_0024.jpg;-7.4715;2.74654;18.2279;3.43835;-8.28121;3.38671;13.0392;-0.0839192;-1.45424;8.06462;3.31578;-10.653;2.9684;11.273;10.8363;3.08427;-1.34393;-10.492;9.0802;15.3455;-11.9826;-10.6089;14.2427;0.38365;
airplane;caltech/airplane/image_0037.jpg;-6.74026;2.63522;17.4835;3.4773;-9.12024;3.29205;12.8444;0.33467;-1.79379;8.17295;3.07591;-10.579;3.83948;11.8388;10.6963;4.30422;-1.92396;-9.90265;8.73752;15.6575;-11.9697;-11.1131;14.1341;0.0648074;
airplane;caltech/airplane/image_0011.jpg;-6.91057;2.6517;17.8876;3.2241;-9.00886;3.32511;13.4406;0.110954;-1.62054;8.53267;2.82113;-10.403;3.05121;11.6589;10.9914;3.75835;-1.70851;-9.68774;8.48347;15.3489;-12.3207;-10.7873;14.2627;-0.150237;
airplane;caltech/airplane/image_0012.jpg;-6.92921;2.45615;18.3131;3.61313;-7.95723;3.32737;13.1712;-0.191451;-1.65524;8.15932;3.40239;-10.8909;3.77297;12.5258;11.3126;3.72661;-1.64521;-10.0266;8.84333;15.9765;-12.4478;-10.9869;14.7895;-0.183269;
airplane;caltech/airplane/image_0025.jpg;-6.69101;2.24915;18.2127;3.90867;-8.09078;3.02165;13.5784;-0.40094;-1.6667;8.3198;3.33071;-10.9304;3.45736;11.9256;11.2162;3.4038;-1.21004;-10.1668;8.72883;15.9896;-11.8907;-10.6109;14.9157;-0.402694;
airplane;caltech/airplane/image_0009.jpg;-6.54064;2.24802;17.7918;3.38006;-9.36573;3.00258;13.0689;0.349687;-2.09219;7.71097;2.7472;-9.88699;3.06376;12.2917;10.4505;2.93562;-1.92949;-8.91811;8.65457;14.842;-11.8744;-9.73238;14.2719;-0.229729;
airplane;caltech/airplane/image_0023.jpg;-6.72215;2.5686;18.2889;3.45613;-8.24441;3.16909;13.3984;0.139516;-1.42971;8.47748;3.08754;-10.4929;3.73337;12.0792;10.9599;3.98019;-1.84026;-10.3177;8.87269;15.8328;-12.3125;-11.2025;14.4327;-0.0610905;
airplane;caltech/airplane/image_0031.jpg;-6.36152;2.39953;17.9967;3.6976;-8.59664;3.16874;13.5015;-0.0559012;-2.14566;8.33782;2.9952;-10.4325;3.33246;12.3892;11.111;4.07328;-1.60126;-9.3733;8.62912;15.743;-12.6488;-10.9171;14.7343;-0.423452;
airplane;caltech/airplane/image_0030.jpg;-7.02675;2.73662;17.674;2.81156;-10.1847;2.39375;14.0102;1.02433;-1.68375;7.91808;2.34131;-8.98503;2.97529;10.4914;10.3052;3.84984;-1.51064;-9.54665;8.72768;13.775;-11.4422;-10.872;12.3069;0.287937;
airplane;caltech/airplane/image_0019.jpg;-7.32778;2.55796;18.092;3.56565;-8.65767;3.38418;13.6535;0.282948;-1.37109;8.53832;3.29128;-10.7106;3.28433;11.6318;11.3729;3.78819;-1.67633;-10.0549;8.70895;15.5631;-11.7329;-10.8921;14.4425;0.168738;
airplane;caltech/airplane/image_0003.jpg;-6.53332;2.92269;17.7676;3.3769;-9.63478;2.90199;12.9205;1.02106;-1.47012;8.15673;2.54555;-9.70142;2.91316;11.5376;10.8527;3.20619;-1.36559;-9.81904;8.80108;14.8762;-12.1385;-10.481;13.6518;0.0214309;
airplane;caltech/airplane/image_0034.jpg;-6.75189;2.42273;17.7947;2.88025;-9.14057;2.9623;12.9836;0.657404;-1.8972;7.79929;2.41531;-10.5433;2.96252;11.6278;9.92617;3.29207;-1.98312;-9.95264;8.63818;14.4183;-11.3401;-10.6656;13.5624;-0.187312;
airplane;caltech/airplane/image_0028.jpg;-6.9461;2.33418;17.6722;3.41052;-8.80099;3.13136;12.7991;-0.0372764;-1.64522;8.26248;2.71991;-10.861;3.36609;12.0726;10.8404;3.40479;-1.39797;-9.61783;8.53248;15.7596;-11.4734;-10.7336;14.8226;-0.49982;
airplane;caltech/airplane/image_0036.jpg;-6.59774;2.38556;17.8557;3.06376;-8.88551;3.03384;13.9664;-0.140103;-2.16012;7.92059;3.01759;-10.5607;3.35384;11.4714;11.0655;3.62212;-1.78292;-9.39763;8.55525;15.2002;-11.234;-10.8177;14.3661;-0.326342;
airplane;caltech/airplane/image_0002.jpg;-6.41437;2.47136;18.0073;3.91279;-8.34495;3.17545;13.6787;-0.291493;-2.3256;8.45781;3.17345;-10.7239;3.42697;12.3518;11.2901;3.94499;-1.67955;-9.69565;8.71388;15.754;-12.5918;-10.9283;14.5187;-0.373172;
airplane;caltech/airplane/image_0014.jpg;-6.53348;2.13898;17.9202;3.85562;-8.69066;3.51083;13.068;0.139743;-2.22853;8.62614;2.72954;-10.5855;3.90398;12.8393;11.5586;4.37208;-1.82116;-9.16673;8.53453;15.5701;-11.797;-11.1155;14.2687;-0.357366;
airplane;caltech/airplane/image_0038.jpg;-6.78208;2.6214;18.3623;3.36006;-8.48539;3.18632;13.2489;0.235564;-1.56979;8.46508;3.19243;-10.9433;3.84672;11.8258;11.0999;3.97697;-1.25295;-10.0587;8.70211;15.5397;-12.0773;-10.8405;14.3041;-0.136772;
airplane;caltech/airplane/image_0017.jpg;-7.27949;2.72244;17.9904;2.84707;-9.95343;2.57274;14.1429;1.16634;-1.6349;8.83497;2.68135;-8.42735;3.02552;10.3699;11.105;4.65825;-1.87807;-10.0417;8.2939;14.36;-11.9555;-11.4538;11.1701;-1.13551;
airplane;caltech/airplane/image_0008.jpg;-6.41708;2.26863;17.6899;2.27339;-10.0173;3.29411;13.3418;0.970543;-1.67493;8.35222;2.23639;-9.31741;2.82098;10.398;10.0784;3.66448;-1.91394;-10.1329;8.22393;14.0009;-11.0166;-10.8287;12.3093;-0.357747;
airplane;caltech/airplane/image_0033.jpg;-6.60532;2.58174;18.1526;3.71941;-8.66378;3.2515;13.1552;0.415707;-1.51811;8.19137;2.98701;-10.1515;3.22119;11.7086;10.9374;3.4257;-1.5393;-9.79109;8.57108;15.4516;-12.0965;-10.5211;14.3339;0.310583;
airplane;caltech/airplane/image_0013.jpg;-6.94412;2.54674;18.2094;3.3854;-9.38683;2.56787;13.6795;-0.0231935;-1.65486;8.36864;3.26663;-10.2071;2.52648;11.8364;10.6782;3.664;-1.31289;-10.0723;8.43601;14.3501;-12.3542;-10.5334;13.483;-0.00070387;
airplane;caltech/airplane/image_0015.jpg;-6.62154;2.88104;17.7208;2.72669;-9.93105;1.98834;12.7746;1.10845;-1.77782;8.82656;2.25179;-7.97594;2.11951;11.2953;10.6391;4.44039;-2.06368;-9.8654;7.50253;14.5006;-12.4895;-10.0929;11.9129;-0.537723;
airplane;caltech/airplane/image_0035.jpg;-6.47053;2.69312;17.7514;2.65056;-8.94598;1.61341;13.1209;0.7164;-1.50783;8.04989;2.13251;-9.00847;3.38703;11.7264;10.9274;3.82089;-1.84665;-9.48469;7.95145;13.9788;-12.5305;-9.88322;12.468;-0.626511;
airplane;caltech/airplane/image_0027.jpg;-6.40534;1.71214;17.9998;2.31385;-9.88014;2.51178;12.2211;1.0826;-2.06599;7.86737;2.14685;-9.63735;2.62471;11.4808;10.5451;3.06089;-1.58394;-9.72403;8.33548;14.2297;-10.6319;-9.87426;13.6392;-0.493852;
airplane;caltech/airplane/image_0016.jpg;-7.61515;2.82156;17.9815;3.41396;-8.81432;3.53191;12.996;0.912004;-1.53907;8.44054;3.6896;-10.6548;3.21459;10.9467;10.6852;3.35606;-1.78746;-9.67431;8.97323;15.1151;-10.6575;-10.8195;14.4201;0.363028;
airplane;caltech/airplane/image_0010.jpg;-7.16074;2.76518;17.9498;3.49697;-9.13503;2.90627;13.2782;0.676379;-1.85463;8.47752;3.17893;-10.6463;3.79688;12.3887;11.5275;4.12113;-1.63067;-9.63051;8.72256;15.4515;-12.7541;-10.7938;14.2363;-0.148198;
airplane;caltech/airplane/image_0026.jpg;-6.84304;2.20778;18.8416;2.48859;-9.55629;2.99599;12.602;0.454453;-1.36666;7.94055;1.95497;-9.75938;2.30255;10.9109;10.3993;2.70803;-1.14083;-10.2524;8.55041;14.2107;-11.4535;-10.5663;14.0002;-0.106673;
airplane;caltech/airplane/image_0040.jpg;-6.73044;2.45606;17.6941;3.25284;-9.69643;2.95369;13.5216;1.42028;-1.83186;8.51154;2.69646;-9.58872;3.55024;11.9906;10.8507;3.93434;-1.4167;-9.4509;8.53712;14.9137;-11.6528;-10.5727;13.7177;-0.0210684;
airplane;caltech/airplane/image_0020.jpg;-7.14183;3.21302;17.9965;3.07096;-9.42659;3.36441;13.6702;0.578663;-1.30767;8.08869;2.556;-9.96658;2.60862;11.0531;10.0721;2.35576;-1.69819;-8.91658;8.43417;14.3605;-10.5639;-10.4708;13.6616;0.751561;
airplane;caltech/airplane/image_0005.jpg;-6.50142;2.47228;18.166;2.93496;-9.92266;2.84429;13.5553;1.57264;-1.65;8.59692;2.36164;-8.77338;3.11675;10.8145;10.559;4.24243;-2.19745;-9.97455;7.87717;14.0582;-12.003;-11.1631;12.8218;-0.554697;
airplane;caltech/airplane/image_0021.jpg;-6.98206;2.45802;18.2574;3.10499;-8.94799;3.25821;13.1227;0.00630938;-1.88566;8.14844;2.95452;-10.4118;2.8481;11.8479;10.2687;3.2287;-0.708487;-9.77981;8.98011;14.6047;-11.3531;-10.1883;14.5243;0.159819;
airplane;caltech/airplane/image_0007.jpg;-7.16083;2.85738;17.9768;3.21001;-9.07653;2.94259;13.5653;0.104451;-1.65812;7.66673;3.27466;-10.6504;2.74508;11.0763;10.7321;2.69888;-0.606443;-10.3476;9.3851;14.845;-11.2784;-10.2174;14.4408;0.0692009;
airplane;caltech/airplane/image_0004.jpg;-5.8281;2.73137;17.8291;2.85581;-9.79442;2.26355;12.8573;0.438363;-1.75716;8.26794;1.79792;-8.91027;2.86133;11.9241;10.3909;3.71885;-2.35662;-9.57264;8.50004;14.4994;-12.5261;-10.3011;12.2235;-1.09736;
airplane;caltech/airplane/image_0022.jpg;-6.81964;2.8142;17.6295;3.06507;-8.96486;2.79754;13.403;0.787961;-1.46083;9.17931;2.83979;-9.60231;3.75297;11.2619;10.3686;3.74497;-1.43457;-9.9617;8.60518;14.9646;-12.6951;-10.9904;12.8871;-0.677923;
ant;caltech/ant/image_0018.jpg;-7.06318;2.53786;18.4782;3.66355;-8.76125;3.04418;13.3464;0.455573;-1.6712;8.42043;2.81302;-10.6137;3.44645;11.9721;10.9169;3.68319;-1.63337;-9.30139;8.62036;15.5586;-12.5343;-10.3511;14.3123;-0.238732;
ant;caltech/ant/image_0006.jpg;-7.41338;2.24636;17.1833;2.8351;-8.50296;2.97358;12.2488;0.636554;-1.79865;7.78189;2.77135;-10.6588;2.35478;10.8649;9.12077;2.46626;0.369892;-9.98958;8.92784;14.1958;-10.5856;-9.0016;13.9074;-0.413421;
ant;caltech/ant/image_0001.jpg;-6.75356;2.35854;18.3128;2.99334;-8.43625;2.26733;13.7987;0.406567;-1.86606;9.01317;2.69762;-10.1618;3.77647;12.6382;11.4077;5.03605;-1.27375;-9.75821;8.45334;15.4315;-12.6501;-11.0575;14.0649;-0.565948;
ant;caltech/ant/image_0039.jpg;-6.58915;2.4113;18.4814;3.17121;-10.073;2.77267;13.135;1.19554;-1.4007;9.17355;2.71318;-10.2122;3.67349;11.5784;10.6229;3.46878;-2.37244;-9.91988;8.77157;14.6501;-11.9275;-10.0641;13.6654;-0.453712;
ant;caltech/ant/image_0032.jpg;-6.50494;2.63973;18.4618;2.85698;-8.90468;2.08582;12.3235;0.75169;-1.83881;8.48698;2.12975;-9.94622;3.29894;12.7054;11.1644;4.24991;-0.828986;-9.87451;7.89704;14.6219;-13.1169;-9.7805;13.774;-1.06834;
ant;caltech/ant/image_0029.jpg;-6.87214;2.65511;18.2293;3.52824;-9.06065;2.64879;13.5068;0.515498;-2.07804;7.74719;3.47453;-10.6376;3.83904;11.7677;11.5918;3.83569;-1.12259;-8.905;8.81898;15.0466;-11.9822;-10.4225;14.4171;-0.345444;
ant;caltech/ant/image_0024.jpg;-6.9061;2.40231;18.5098;3.85748;-8.57883;3.06675;13.0538;0.456556;-1.72436;9.05203;2.84391;-10.1755;3.54538;12.3967;11.316;4.53016;-1.6664;-9.88667;8.70249;15.6629;-12.7874;-11.2273;13.6885;-0.67683;
ant;caltech/ant/image_0037.jpg;-5.93639;2.77601;17.9698;2.98784;-9.22144;2.10821;13.5275;0.941011;-2.1772;8.7602;2.29559;-9.72154;3.77703;11.9629;11.3061;4.52005;-2.15936;-10.0539;7.72973;15.2589;-13.0385;-11.002;12.4813;-1.28378;
ant;caltech/ant/image_0011.jpg;-6.50163;3.1997;17.8096;2.86313;-9.52343;2.42254;14.25;0.899098;-1.60696;8.85101;2.4664;-9.64707;3.32534;10.6595;10.8846;4.45132;-2.07923;-10.3349;8.42486;14.1783;-11.4666;-11.0711;12.1686;-0.697127;
ant;caltech/ant/image_0012.jpg;-6.86709;2.79402;18.0268;2.68935;-10.1509;2.94215;13.5228;1.01648;-1.38281;8.33598;3.09406;-9.91758;2.88009;9.69798;10.0434;3.54232;-1.47285;-9.37877;8.54433;13.7239;-10.0634;-10.3193;13.5309;0.513811;
ant;caltech/ant/image_0025.jpg;-6.60839;1.96344;18.1178;2.89018;-9.33325;2.8096;13.6818;0.402933;-1.9911;8.96853;2.6668;-9.95952;3.18239;12.0829;11.1207;4.25252;-2.27115;-9.3951;8.12174;14.8637;-11.8063;-10.3784;13.5274;-0.82624;
ant;caltech/ant/image_0009.jpg;-5.84975;2.40808;18.3334;3.42869;-8.55424;2.1015;12.4683;0.436301;-2.08962;8.91041;2.60373;-10.262;4.35175;12.5821;11.7041;3.92457;-1.65492;-9.72071;8.36809;16.1235;-12.0206;-11.2723;14.6688;-0.843116;
ant;caltech/ant/image_0023.jpg;-6.50267;2.64771;17.9057;2.7398;-9.99196;3.50389;13.141;1.44895;-1.69366;8.35517;1.78472;-10.0591;2.94081;11.7192;10.3768;4.32044;-2.0707;-9.43365;8.06622;14.5369;-12.0026;-10.7456;12.4107;-0.148777;
ant;caltech/ant/image_0031.jpg;-6.48064;2.02672;17.5593;2.69586;-8.84846;2.53485;13.5252;0.869481;-1.79357;7.95436;2.36156;-10.2624;3.71753;12.3448;10.7562;3.54322;-1.68434;-9.87621;9.12793;15.171;-12.7946;-10.2768;13.5799;-0.772651;
ant;caltech/ant/image_0030.jpg;-6.58944;1.80242;17.1426;1.84413;-10.2035;1.37005;13.3848;1.27211;-1.22043;7.96173;1.58373;-9.02469;2.80395;11.278;10.7148;4.27745;-2.06395;-8.90024;8.37166;12.9565;-10.79;-10.4792;12.3545;-0.0876058;
ant;caltech/ant/image_0019.jpg;-6.5715;2.63516;18.1798;3.08081;-9.74312;2.54922;13.7014;0.870243;-1.19389;8.33397;2.46585;-10.6621;4.03083;10.7167;10.1723;2.96218;-2.68406;-8.56674;8.63414;14.2458;-11.4024;-10.8594;13.011;0.337702;
ant;caltech/ant/image_0003.jpg;-6.34674;2.80774;16.2811;1.0109;-9.53588;1.54464;12.3791;1.00025;-1.05941;7.89211;1.62925;-9.35457;2.83804;7.42347;8.9664;2.08457;-1.44753;-8.40389;8.44683;11.6399;-9.99454;-9.0362;10.9731;0.727291;
ant;caltech/ant/image_0034.jpg;-6.83821;2.12558;17.3081;1.78367;-10.7346;1.45669;13.1004;1.68042;-1.2676;8.35599;2.85258;-8.6838;2.84396;11.1947;10.8862;4.62851;-0.466886;-9.46206;8.20394;13.701;-11.43;-9.83245;12.5635;-0.506401;
ant;caltech/ant/image_0028.jpg;-6.85852;3.11718;18.0351;3.03043;-9.02099;3.09624;13.5615;0.920341;-1.11297;8.33187;2.61527;-11.0591;3.13913;10.3063;10.6392;3.71677;-0.902279;-10.1048;8.64506;14.3556;-11.0835;-10.4977;14.1249;0.839323;
ant;caltech/ant/image_0036.jpg;-6.44879;2.09668;18.0691;2.58706;-10.4421;3.01155;12.436;1.39813;-1.79331;8.90728;1.84267;-9.7882;3.68383;11.3979;10.437;3.95203;-1.90178;-9.23306;8.1532;14.4532;-12.1146;-10.4722;12.9069;-0.557775;
ant;caltech/ant/image_0002.jpg;-6.8845;1.57529;18.1683;2.77445;-8.72224;3.49339;12.8597;0.818413;-1.73699;7.64912;2.32694;-10.3262;2.94491;11.0298;10.3661;3.04466;-1.00473;-9.78499;8.36104;13.8192;-11.4862;-9.7462;14.3546;0.410669;
ant;caltech/ant/image_0014.jpg;-6.27078;1.79912;15.4373;0.409409;-11.2195;1.22889;11.6587;1.91501;-2.08592;6.73189;1.21366;-7.42673;1.601;8.77484;9.42306;2.83711;-0.682747;-8.53824;7.12683;10.5452;-9.24688;-8.29168;9.30624;0.146609;
ant;caltech/ant/image_0038.jpg;-6.81995;2.80723;18.6846;2.49334;-10.0092;1.93186;13.7634;1.2358;-1.72557;8.56148;3.16017;-9.9778;3.00245;11.4241;11.1455;3.92851;-1.66412;-9.84187;8.35762;15.1144;-11.5105;-10.06;13.5235;-0.880072;
ant;caltech/ant/image_0017.jpg;-6.4886;2.80793;17.5817;2.48462;-9.76899;1.85973;13.034;1.12394;-0.536471;8.6499;2.56778;-8.53657;3.20037;11.7182;10.3328;4.07911;-1.78247;-9.49981;7.28595;13.3706;-12.0172;-9.75626;12.249;-0.791203;
ant;caltech/ant/image_0008.jpg;-7.13294;2.9167;18.3851;3.25391;-8.84473;2.92158;13.767;0.348441;-2.14368;8.64259;3.61815;-11.5534;4.06634;11.939;11.2265;4.02692;-1.49525;-10.5254;9.19648;16.0556;-12.5197;-10.8657;14.4937;-1.13177;
ant;caltech/ant/image_0033.jpg;-7.11135;2.48467;17.8781;2.59954;-9.98941;2.83147;13.2515;0.96477;-1.70954;8.23657;2.45837;-9.923;3.16007;12.0146;10.8087;4.04342;-0.895164;-9.83939;8.68007;14.1889;-11.5523;-10.5357;13.4884;-0.574016;
ant;caltech/ant/image_0013.jpg;-5.88587;2.64284;17.9901;3.28033;-8.55593;2.49097;12.3652;0.949238;-2.00045;8.86341;2.15327;-9.42801;3.90864;12.6925;11.1355;3.47346;-2.52813;-9.88181;7.90401;14.775;-12.5725;-10.7405;12.8474;-1.32815;
ant;caltech/ant/image_0015.jpg;-5.84083;2.37254;14.7696;0.0766565;-11.0074;1.83109;11.066;1.50722;-2.04698;7.72172;0.873295;-7.33646;1.75646;7.68807;8.15724;2.99746;-0.351477;-8.19853;7.0109;10.2317;-8.56175;-8.29481;8.56788;0.0235959;
ant;caltech/ant/image_0035.jpg;-6.49004;2.80164;18.3811;2.82996;-10.0577;2.84619;12.7219;1.30264;-0.660341;8.7673;2.61318;-9.80309;2.91384;11.3994;10.6852;3.01531;-2.19307;-10.2182;8.30842;15.0679;-11.4515;-10.5078;13.0546;-0.251015;
ant;caltech/ant/image_0027.jpg;-5.70148;2.76485;15.9446;1.11226;-10.6877;1.123;12.0048;1.18515;-2.0504;7.82481;1.37204;-8.35522;2.89228;9.10423;8.91694;3.88971;-1.30018;-8.61759;8.05634;11.1229;-9.90072;-9.49748;9.84407;-0.249355;
ant;caltech/ant/image_0016.jpg;-6.94507;3.15998;17.7706;2.2149;-9.42214;2.21042;13.3986;1.92346;-0.948146;8.63138;2.33673;-8.65579;2.97095;11.1359;10.7529;4.26602;-1.28753;-9.29825;7.99172;13.4429;-12.6656;-9.73315;11.5718;-0.313125;
ant;caltech/ant/image_0010.jpg;-7.59666;1.92763;17.4466;3.38632;-8.4443;3.00446;13.7082;0.0454997;-1.84908;7.76007;2.68041;-10.7433;3.80114;12.0497;10.9247;3.29338;-1.03998;-9.19077;8.50179;14.7437;-11.9944;-10.0715;14.7363;-0.613517;
ant;caltech/ant/image_0026.jpg;-6.2932;2.71341;18.3342;2.52964;-10.4158;1.70627;12.8764;0.935199;-1.72002;8.44848;2.5722;-9.19946;2.80342;11.5672;11.3025;4.31236;-1.44489;-9.9497;7.89425;14.2056;-12.5254;-10.0469;12.4599;-1.07273;
ant;caltech/ant/image_0040.jpg;-6.49272;2.47624;18.0373;3.35541;-9.0075;2.88115;13.2165;0.969216;-2.44182;9.05008;2.57934;-9.79987;3.70032;12.1855;11.2171;3.89801;-2.21067;-9.97493;8.49361;15.612;-12.4823;-10.4433;14.0127;-0.050159;
ant;caltech/ant/image_0020.jpg;-7.21738;2.6083;17.8244;2.0061;-10.1919;2.32961;12.5203;0.837818;-1.96158;7.80105;3.03516;-9.6915;3.32719;11.7218;10.732;3.76705;-1.89007;-10.0356;8.58826;14.6198;-12.2893;-10.2095;12.526;-1.27801;
ant;caltech/ant/image_0005.jpg;-7.06967;1.40748;17.3951;2.40969;-9.25;3.50055;13.2054;0.838625;-1.83652;7.36197;2.91603;-10.5367;2.77425;10.3831;9.8339;3.00434;-0.933519;-9.16854;8.23571;13.6563;-10.8688;-9.37142;13.5939;0.112806;
ant;caltech/ant/image_0021.jpg;-6.6157;2.91216;18.6783;2.83817;-9.62928;2.97776;13.0223;1.01025;-1.57921;8.81564;2.71608;-9.80944;3.37495;11.7586;11.2213;4.15115;-2.16695;-10.1389;8.75812;14.8291;-12.9496;-10.3477;13.7098;-0.208535;
ant;caltech/ant/image_0007.jpg;-6.91879;2.2623;17.6019;3.48451;-9.35517;3.26331;13.6808;0.579899;-2.3546;7.81162;3.06927;-10.765;3.42119;11.9799;10.8355;4.13049;-0.932833;-9.15;8.22108;15.1549;-12.1547;-10.1749;14.5151;-0.0186926;
ant;caltech/ant/image_0004.jpg;-6.4149;2.87988;18.1971;3.09056;-9.13444;3.40343;13.4159;0.390676;-1.19;8.09294;2.74411;-10.5187;3.58264;11.5158;11.1272;3.58814;-1.86315;-9.11202;8.83184;14.3852;-11.1387;-10.9663;13.6802;0.221707;
ant;caltech/ant/image_0022.jpg;-7.47862;2.82945;17.9252;1.53398;-10.0311;1.95952;13.1268;1.23499;-1.58437;8.448;1.86203;-9.48334;2.9062;9.84807;10.2231;3.57566;-1.54057;-10.39;7.68306;13.8111;-11.5376;-10.5083;12.2883;0.00715655;
crocodile;caltech/crocodile/image_0018.jpg;-6.73239;2.72255;16.5059;1.42446;-10.84;2.29781;12.5992;1.44038;-1.77082;7.30273;2.26965;-8.3671;2.55747;9.70249;9.67554;3.45663;-0.234228;-9.70867;7.40481;12.5852;-10.6798;-9.02538;10.7521;-0.538321;
crocodile;caltech/crocodile/image_0006.jpg;-6.00558;2.77454;17.9291;2.35352;-9.98362;1.8325;12.9145;1.217;-2.208;8.77254;1.62511;-8.60568;2.91533;12.4601;11.2839;5.09329;-2.00357;-9.76804;7.32755;14.5708;-12.1907;-10.8745;11.5131;-1.83481;
crocodile;caltech/crocodile/image_0001.jpg;-5.36593;2.88968;15.0695;1.39611;-10.4431;0.847733;12.4113;2.46384;-1.47428;9.0014;1.75966;-7.86394;3.15429;9.47776;9.31193;3.91993;-1.73966;-8.96953;7.67486;10.8742;-10.0026;-10.488;8.81788;-0.156969;
crocodile;caltech/crocodile/image_0039.jpg;-6.59324;2.20654;16.3473;0.90138;-11.1416;1.75098;12.4041;1.32592;-1.84458;7.08364;1.4506;-8.25158;2.1688;10.6265;9.47859;4.04948;-0.487125;-9.24398;7.66536;12.3666;-10.6604;-9.15585;11.7418;0.0506753;
crocodile;caltech/crocodile/image_0032.jpg;-6.41136;1.90374;16.6636;2.97336;-9.2539;3.01934;12.8501;0.204531;-2.28723;7.82761;2.4557;-10.9324;3.03555;11.8297;9.90421;3.38895;-2.33141;-8.73272;8.18733;13.9621;-10.4977;-10.3325;13.7888;-0.266253;
crocodile;caltech/crocodile/image_0029.jpg;-6.46046;2.91448;18.7717;3.53987;-8.89107;3.16263;13.1739;0.0971283;-2.02689;7.97301;2.56677;-9.9069;3.206;11.5713;10.9686;3.16928;-2.11052;-9.61233;9.1754;15.0903;-11.8697;-11.364;13.6669;-0.0887061;
crocodile;caltech/crocodile/image_0024.jpg;-5.99201;1.71951;16.421;1.53174;-10.3778;3.01609;11.5187;1.48716;-1.72093;7.99643;1.27393;-9.1578;2.13756;9.49635;8.34181;1.9984;-1.38362;-8.46655;7.82477;11.3949;-9.68098;-8.88429;11.2267;0.991409;
crocodile;caltech/crocodile/image_0037.jpg;-6.74106;2.23339;17.8452;3.35694;-8.75858;3.23277;12.9079;0.210351;-1.98771;8.04582;3.12199;-10.3457;3.50451;10.9844;10.9192;2.83221;-1.00662;-9.63824;8.39777;14.9516;-10.8397;-10.2227;14.984;0.861272;
crocodile;caltech/crocodile/image_0011.jpg;-6.79852;1.67104;17.7781;3.27299;-7.67915;3.10085;12.7577;-0.425013;-2.2108;8.15947;3.07916;-11.0438;3.72735;12.1583;11.6932;3.68334;-1.57076;-9.49254;8.61324;15.6816;-11.4199;-10.7788;15.2488;-0.487328;
crocodile;caltech/crocodile/image_0012.jpg;-6.92934;3.07639;18.2025;2.67735;-9.41064;3.39772;13.4097;1.03296;-1.60704;8.35875;2.44992;-9.68522;2.72254;11.0065;10.434;3.45685;-2.01286;-10.006;8.62948;14.3259;-12.1166;-10.8414;12.6825;-0.0706568;
crocodile;caltech/crocodile/image_0025.jpg;-6.20342;2.47166;16.7662;1.72438;-10.1505;2.8572;12.159;1.6604;-1.20419;8.01635;1.15098;-9.04786;2.87089;10.578;9.80032;2.51187;-1.96844;-9.17329;8.44642;13.1985;-10.8559;-10.2967;11.7105;0.0151448;
crocodile;caltech/crocodile/image_0009.jpg;-7.55948;2.77506;17.0048;2.83569;-9.30723;3.94345;12.4675;1.55592;-1.14173;7.69388;2.92365;-10.1644;3.23802;10.7611;9.25574;3.01588;-0.594017;-9.66143;8.00906;13.1235;-11.1291;-9.15696;13.9011;1.08675;
crocodile;caltech/crocodile/image_0023.jpg;-6.23397;2.79981;17.261;2.31365;-9.44174;3.12438;11.8634;1.78545;-1.84236;8.00117;2.20902;-8.92969;2.86566;10.3095;9.88338;2.75047;-2.13459;-9.14315;8.79686;13.2435;-11.0926;-9.25638;12.3585;0.540037;
crocodile;caltech/crocodile/image_0031.jpg;-6.07542;2.65855;18.5929;2.91154;-10.0495;2.55682;13.2614;1.04895;-1.51775;8.50343;2.181;-8.9767;2.44559;10.3154;10.5442;3.42142;-1.85775;-9.86361;7.92897;14.909;-12.2787;-10.0668;12.5173;-0.627641;
crocodile;caltech/crocodile/image_0030.jpg;-6.08868;1.65421;15.3801;1.05789;-10.8224;1.24273;12.7978;1.95308;-1.87792;7.51705;1.42272;-8.14453;2.50408;8.3418;8.70076;3.76664;-0.924079;-7.93437;7.64221;9.87023;-9.24166;-9.66707;9.47687;0.222561;
crocodile;caltech/crocodile/image_0019.jpg;-6.49911;2.07242;17.4205;2.56445;-10.2862;2.81144;12.8582;1.06603;-2.35816;7.86096;2.47246;-10.2325;2.75205;10.6389;9.58554;2.70257;-1.31229;-9.41613;8.4596;13.418;-10.8556;-9.49614;13.9126;0.761674;
crocodile;caltech/crocodile/image_0003.jpg;-6.39471;1.82183;17.2635;3.23412;-9.28256;2.81917;12.0146;1.03521;-1.90175;7.0139;2.06151;-9.70025;2.9102;11.1733;9.70898;2.16731;-1.20892;-9.1721;8.50379;13.9323;-12.3027;-9.30908;12.5478;-0.165808;
crocodile;caltech/crocodile/image_0034.jpg;-6.94782;1.9223;17.0869;1.14223;-11.035;1.98952;13.7555;1.83392;-1.3536;7.21067;1.63643;-8.62394;1.96826;9.09424;9.20459;3.35671;-1.80384;-8.83138;8.16959;11.5941;-9.62387;-9.71545;11.5172;0.399447;
crocodile;caltech/crocodile/image_0028.jpg;-6.73829;2.41662;16.9172;1.1498;-10.7383;2.33572;12.6353;1.89717;-1.83924;7.86777;1.18772;-8.84372;2.77891;9.47797;9.97676;3.56224;-1.75141;-9.24752;8.57827;11.6327;-10.839;-9.9538;11.2186;-0.0967279;
crocodile;caltech/crocodile/image_0036.jpg;-7.12256;2.93167;18.1579;3.33568;-8.98204;3.1767;13.2463;0.646272;-1.43857;8.38442;3.57878;-10.4651;3.44834;10.7544;10.6673;3.48619;-1.01147;-9.92683;8.57714;15.3061;-10.9299;-10.6215;15.0627;0.533827;
crocodile;caltech/crocodile/image_0002.jpg;-6.29923;2.57386;15.9857;2.49057;-9.93357;2.73641;11.1956;1.44973;-1.59343;7.39246;2.03928;-9.66981;3.27445;9.68259;8.26348;2.81107;-0.22402;-8.89294;7.59592;12.1598;-9.66704;-8.09477;12.151;1.28802;
crocodile;caltech/crocodile/image_0014.jpg;-5.5782;1.82784;14.7527;0.561266;-10.9593;1.63728;10.9724;1.82946;-2.13255;6.86011;0.841577;-6.29842;1.76474;8.12278;7.96938;2.6534;-0.370433;-7.73536;7.23385;9.64821;-9.07738;-7.85472;7.89841;0.503746;
crocodile;caltech/crocodile/image_0038.jpg;-7.18904;2.95195;17.6125;2.98827;-8.1423;2.99509;13.4427;0.211432;-1.58141;8.44088;3.64571;-11.5895;3.66128;10.0893;10.5556;2.93362;-0.763546;-10.0292;9.07211;14.1307;-10.3586;-10.8485;14.4229;0.843084;
crocodile;caltech/crocodile/image_0017.jpg;-6.89289;2.23584;17.1677;3.47402;-8.50962;3.37708;13.2186;0.612058;-1.39226;8.07334;3.49346;-11.5221;3.70346;10.4841;10.2223;2.79537;-2.30368;-8.53576;9.44867;13.7733;-9.37475;-11.0631;14.0353;0.730347;
crocodile;caltech/crocodile/image_0008.jpg;-5.86608;2.29125;17.5074;1.95263;-10.2924;1.51462;12.6434;0.971749;-2.19816;8.47005;1.77532;-8.31066;2.69672;11.4789;10.8576;5.00422;-1.87154;-9.14645;7.38163;13.9905;-11.575;-10.4837;11.1294;-1.71732;
crocodile;caltech/crocodile/image_0033.jpg;-5.89174;2.39604;17.7842;3.17346;-9.03914;2.85251;11.5152;0.913259;-2.02612;8.40937;1.99398;-9.47063;3.11208;11.0979;10.5228;2.99794;-1.39501;-10.1943;7.80732;14.1994;-12.0388;-9.48415;14.1272;0.132935;
crocodile;caltech/crocodile/image_0013.jpg;-6.81346;2.17423;17.9666;3.90369;-7.99574;3.03928;13.4297;-0.275209;-1.65236;8.40001;3.702;-11.3432;4.37607;11.8556;11.7263;4.14854;-1.17086;-9.67645;8.90906;15.8212;-11.7201;-11.355;15.3078;-0.155628;
crocodile;caltech/crocodile/image_0015.jpg;-6.18992;2.18831;16.3709;1.08533;-10.2802;2.09221;12.2054;1.67758;-1.72207;7.47703;0.990897;-7.34794;1.94026;9.79914;10.3393;3.95569;-1.46698;-8.13998;7.69072;11.6068;-9.90883;-9.46281;9.65738;-0.282174;
crocodile;caltech/crocodile/image_0035.jpg;-5.8224;2.81426;16.6067;1.76786;-10.5909;1.75161;13.1094;1.30596;-1.27697;7.58417;1.82647;-8.58726;1.96298;9.76285;8.99169;2.92301;-2.0537;-9.33152;7.59062;11.9841;-10.0052;-9.83435;10.2165;0.505227;
crocodile;caltech/crocodile/image_0027.jpg;-5.6942;2.89205;17.552;2.61323;-10.1777;2.98691;12.8312;1.35632;-1.38641;7.89165;1.94695;-9.28712;2.86953;10.4914;10.1475;3.65862;-1.85158;-9.53464;7.16173;14.2012;-11.2102;-9.98501;11.813;-0.701658;
crocodile;caltech/crocodile/image_0016.jpg;-4.86208;1.5946;13.7747;0.631359;-10.855;1.2332;10.5737;2.19031;-2.26307;6.31697;0.424475;-6.43409;1.83219;8.12395;7.87375;2.91292;-0.295406;-7.24457;6.55114;9.08689;-8.32539;-7.47354;7.15644;0.496518;
crocodile;caltech/crocodile/image_0010.jpg;-6.56055;2.41656;16.7152;0.997838;-10.9206;2.42746;11.9815;1.70279;-1.75767;7.28828;1.77986;-8.77315;2.37367;9.16126;8.72679;2.44886;-1.26302;-9.01575;8.0903;11.591;-10.0943;-9.37859;11.7282;0.787068;
crocodile;caltech/crocodile/image_0026.jpg;-7.29538;2.48151;16.4018;2.36478;-10.2265;2.20274;13.1831;1.4429;-1.30523;7.77926;1.47474;-9.47046;2.87738;10.5171;9.19719;3.23411;-1.48794;-8.8594;9.25597;12.3626;-10.9419;-10.7258;11.6709;0.154316;
crocodile;caltech/crocodile/image_0040.jpg;-6.10284;2.42457;17.3404;2.90182;-8.45649;2.41166;12.1305;0.43288;-1.38292;7.5262;1.82409;-9.36815;3.41671;12.2267;10.928;3.73222;-1.23115;-9.01933;7.81821;14.1744;-11.8583;-9.77602;13.6195;0.280639;
crocodile;caltech/crocodile/image_0020.jpg;-6.76107;2.52252;16.5823;1.59882;-10.8034;1.29736;13.4076;1.81409;-1.70951;8.25079;2.73845;-7.77239;2.49532;10.8104;11.0125;4.9608;-0.648181;-9.65408;7.07657;13.1256;-11.6733;-9.50491;9.69896;-1.79142;
crocodile;caltech/crocodile/image_0005.jpg;-6.62232;2.19886;17.675;3.35437;-8.99629;3.25251;13.2072;0.0132478;-1.7125;8.04086;2.98063;-10.7811;3.37761;11.7208;10.6994;3.73046;-2.05213;-9.74539;8.70496;15.273;-11.8106;-10.6723;13.4694;-0.159604;
crocodile;caltech/crocodile/image_0021.jpg;-6.2369;2.7361;18.0243;2.86046;-10.0763;2.95563;13.1605;0.700127;-2.21537;7.60682;2.53803;-9.77557;2.92844;10.0866;10.3606;2.6612;-1.87824;-9.1872;8.56311;13.7944;-12.4469;-9.85633;13.1707;1.21408;
crocodile;caltech/crocodile/image_0007.jpg;-6.844;1.98241;17.0131;1.59516;-10.2301;2.27128;12.9645;1.24368;-1.88974;7.86562;1.73293;-9.44177;2.89448;11.0614;9.83465;3.65145;-1.38069;-9.53037;7.90741;13.6939;-11.1093;-10.2206;12.1913;-0.786736;
crocodile;caltech/crocodile/image_0004.jpg;-5.51684;1.62498;14.5531;0.166136;-10.8793;0.788785;10.8171;2.01891;-1.57865;6.51903;0.36738;-6.08155;1.52145;7.97965;8.1098;2.20277;-0.101228;-7.73997;6.71338;8.80633;-8.18637;-7.46027;7.78562;0.43604;
crocodile;caltech/crocodile/image_0022.jpg;-6.76192;1.26682;14.7484;0.286416;-10.4574;2.17199;12.0129;2.17823;-1.35473;6.9797;0.910844;-7.98666;2.17201;8.23191;8.58906;3.0446;-0.236614;-8.14104;7.42395;10.7354;-8.27475;-8.63469;8.83517;-0.0522472;
elephant;caltech/elephant/image_0018.jpg;-6.50508;2.84663;17.7059;3.20769;-9.74557;3.05032;12.0642;0.339111;-1.74906;7.92762;2.58916;-9.57152;3.39509;10.1666;10.0032;3.12905;-1.47259;-9.77222;7.86071;14.4549;-10.9059;-9.70665;13.2383;0.448082;
elephant;caltech/elephant/image_0006.jpg;-6.71957;2.75992;17.7766;2.6095;-10.9667;2.02901;14.6358;1.09841;-0.847567;8.38436;2.6382;-9.67178;3.26511;10.9727;10.8188;4.15942;-0.729312;-10.4438;8.15519;14.0355;-11.0804;-10.863;12.2131;-0.912978;
elephant;caltech/elephant/image_0001.jpg;-6.94279;2.74694;18.2826;2.26028;-9.28542;1.727;14.2944;0.719095;-1.52386;8.67488;3.0292;-10.3104;2.88162;11.2625;11.4535;4.62566;-1.66213;-10.3892;8.46473;13.8055;-10.7606;-11.9062;13.4227;-0.804284;
elephant;caltech/elephant/image_0039.jpg;-7.38663;2.44953;18.1409;2.0715;-9.64401;2.19022;13.7514;0.935099;-1.61883;8.30081;2.5148;-10.3215;3.67786;11.3713;12.033;5.05333;-0.942711;-10.6055;9.27577;13.3404;-11.6759;-11.5013;12.9689;-0.905646;
elephant;caltech/elephant/image_0032.jpg;-6.81884;3.49007;18.2406;2.64355;-9.71295;3.06955;13.4495;1.0974;-1.56048;9.23431;2.28397;-10.5773;3.76818;11.4232;10.7768;4.62159;-2.24784;-10.0571;8.34234;14.9083;-11.6807;-11.4761;12.619;-0.926579;
elephant;caltech/elephant/image_0029.jpg;-6.76613;2.19867;16.5633;1.27538;-10.9884;1.87116;12.4432;1.68715;-1.44404;7.73306;1.42106;-8.51271;1.9666;10.2464;9.93971;3.67673;-0.354172;-10.0085;7.87699;12.1183;-11.1254;-9.11206;10.821;-0.650016;
elephant;caltech/elephant/image_0024.jpg;-6.73436;3.03261;16.454;1.89919;-10.6976;2.97209;13.6099;1.73429;-1.94048;7.5845;2.74092;-10.6908;2.46356;9.40925;9.30843;3.37783;-1.95621;-9.4419;8.6467;12.3626;-10.1129;-10.4173;11.8191;0.244134;
elephant;caltech/elephant/image_0037.jpg;-6.78388;2.35206;17.4195;3.53453;-8.52745;3.27835;13.1758;-0.153573;-1.32278;8.35732;3.55371;-10.8553;3.70347;11.6883;10.7903;3.91879;-0.945206;-10.015;8.57265;15.1538;-11.6758;-10.6498;14.4231;-0.416197;
elephant;caltech/elephant/image_0011.jpg;-6.51009;2.33744;17.9606;2.8726;-8.56361;2.75244;13.1596;0.184664;-2.00929;8.56463;3.09423;-10.8332;4.56738;12.2405;11.8159;4.40323;-1.15335;-10.5795;9.02815;15.434;-11.6831;-11.5097;13.7524;-1.13647;
elephant;caltech/elephant/image_0012.jpg;-6.51677;2.5734;17.7523;3.11277;-8.97387;2.48823;13.2682;0.557082;-1.97596;9.04793;2.14807;-9.8334;3.48845;12.3157;11.0527;4.23369;-1.48164;-9.32192;8.25744;15.3829;-12.3183;-10.4022;13.583;-1.47636;
elephant;caltech/elephant/image_0025.jpg;-7.07731;3.22242;17.7162;3.47773;-9.13579;2.8598;13.832;1.02057;-0.777718;8.37859;3.42095;-9.77094;3.82282;10.2924;11.6486;4.39351;-1.41037;-9.97014;9.28206;13.6335;-11.5717;-11.907;12.6344;0.0549106;
elephant;caltech/elephant/image_0009.jpg;-6.52606;2.3844;18.543;3.46989;-8.93136;3.19911;13.4608;0.726825;-2.12214;8.86581;3.31097;-10.6357;4.04976;12.1517;11.1438;4.62717;-1.15284;-10.2314;8.49509;15.7604;-11.662;-11.5422;13.8823;-1.12636;
elephant;caltech/elephant/image_0023.jpg;-7.08862;2.83172;16.2008;1.41503;-10.4902;2.08838;13.8648;1.87988;-2.07462;7.97678;2.83019;-9.55347;1.91915;8.18962;8.97022;3.59551;-1.59474;-8.86133;8.41344;11.2593;-9.62617;-10.1937;10.1584;0.398499;
elephant;caltech/elephant/image_0031.jpg;-7.01753;3.53487;17.6291;2.34565;-9.19478;2.32404;14.3861;0.466711;-1.11679;8.83888;2.99547;-9.73438;3.29994;10.7954;12.2532;4.7102;-1.75188;-9.50954;8.29713;14.3976;-11.7682;-11.1656;13.1821;-0.469275;
elephant;caltech/elephant/image_0030.jpg;-6.34424;2.88761;18.5742;3.66294;-9.50375;2.72126;13.7117;0.0904931;-1.71296;8.55768;3.19475;-10.308;3.33456;11.0832;10.5932;3.73459;-2.00238;-9.5575;9.00618;15.5697;-11.9726;-11.5123;12.7437;-1.38453;
elephant;caltech/elephant/image_0019.jpg;-6.87487;2.92867;16.9622;2.67691;-10.146;2.86716;12.6356;1.81195;-0.820821;7.46435;2.76549;-9.55589;2.87064;10.0409;8.95861;3.64656;-1.54208;-10.4895;7.41954;13.3162;-11.2249;-9.96724;11.9147;0.689444;
elephant;caltech/elephant/image_0003.jpg;-7.27811;2.40369;17.9058;2.62485;-9.50018;2.43593;13.6094;0.803585;-1.02479;8.97685;2.66266;-10.8317;3.98205;10.4515;10.4921;4.44223;-1.82197;-10.2146;8.61945;14.212;-10.8604;-11.6092;12.7531;-0.0329612;
elephant;caltech/elephant/image_0034.jpg;-6.96603;2.73294;17.7864;1.61707;-10.1201;2.28764;14.086;1.60458;-1.09612;8.32111;2.4644;-9.79998;2.89004;10.0613;10.6435;4.2334;-0.554705;-10.3554;9.16943;12.8662;-10.1979;-11.0831;11.6593;-0.455418;
elephant;caltech/elephant/image_0028.jpg;-7.42198;3.02276;16.9952;2.40866;-9.84128;2.93012;12.996;1.23314;-1.33126;7.89002;3.09514;-11.0024;3.90777;9.44467;10.1065;3.09293;-0.548617;-9.88771;8.97825;13.1466;-9.5145;-10.4726;13.4773;0.446513;
elephant;caltech/elephant/image_0036.jpg;-7.16391;2.81757;17.9438;3.18478;-9.10653;3.18995;13.2346;0.220008;-1.52841;8.88505;2.81698;-10.2241;2.8169;11.3253;10.5669;4.31396;-0.753344;-10.2178;8.45048;14.8518;-11.2691;-10.8476;13.9317;-0.451917;
elephant;caltech/elephant/image_0002.jpg;-7.49021;2.91684;17.0378;2.68225;-9.66669;3.5696;14.3062;1.21032;-0.984326;8.63405;2.76266;-11.4823;3.32153;10.2773;9.94081;3.69014;-1.71237;-9.85799;8.75829;13.3836;-9.7906;-11.3938;12.6466;0.382565;
elephant;caltech/elephant/image_0014.jpg;-6.84445;2.75948;18.6223;3.48353;-8.74147;2.51669;13.7559;0.497006;-1.40451;8.8123;3.11799;-11.4499;4.38065;12.0268;11.471;4.15821;-1.51319;-10.7616;9.2575;15.3278;-12.2339;-11.484;14.4455;-1.08987;
elephant;caltech/elephant/image_0038.jpg;-7.29287;2.98423;16.5541;2.09147;-9.32133;3.48062;12.7558;1.32729;-1.23011;7.97781;2.62634;-10.7517;3.55823;9.62052;9.21941;3.32014;-1.07194;-9.71455;8.63646;13.3139;-11.1511;-9.86323;13.0182;0.523042;
elephant;caltech/elephant/image_0017.jpg;-6.97426;1.98075;17.4675;1.32379;-9.27384;2.45238;13.0377;1.08307;-1.92468;8.49696;2.14605;-9.71866;3.75592;11.2406;11.3957;4.75555;-0.485674;-9.75031;8.35425;13.4634;-10.2364;-10.9708;12.4511;-1.28279;
elephant;caltech/elephant/image_0008.jpg;-7.62031;3.20691;17.0723;1.9273;-9.72531;2.86475;13.7342;1.33691;-1.43247;8.56514;2.44027;-10.3122;3.12888;9.83969;10.5136;3.92386;-1.7317;-9.57417;8.63475;13.2077;-10.2905;-11.532;12.1934;0.0759155;
elephant;caltech/elephant/image_0033.jpg;-6.82146;2.44366;18.1123;2.77765;-10.4031;3.04837;13.1185;1.76872;-1.18489;8.46752;2.87014;-10.2762;3.39832;10.517;10.0968;2.91106;-1.14176;-9.44732;8.21173;14.0911;-10.5846;-9.68215;13.4464;0.445349;
elephant;caltech/elephant/image_0013.jpg;-6.68634;2.86898;18.4401;2.82071;-8.48362;2.74276;13.4042;0.601008;-1.46331;9.09243;3.18521;-11.3177;4.10319;11.671;11.3734;4.25877;-1.09153;-10.3579;9.30499;15.3985;-11.437;-11.7031;14.391;-1.06752;
elephant;caltech/elephant/image_0015.jpg;-6.71127;2.09122;15.7407;0.662649;-10.9026;2.09511;13.2545;2.06604;-0.816807;7.24491;0.404613;-8.53058;2.51089;9.34365;9.31117;4.66476;-0.779727;-8.08948;7.42152;10.6956;-9.04764;-9.05815;9.54962;0.286757;
elephant;caltech/elephant/image_0035.jpg;-7.08539;3.25478;17.0067;1.413;-10.8005;2.65388;13.312;1.38767;-1.55158;8.39135;2.13127;-9.28621;3.11475;10.2624;9.77905;4.25695;-1.20669;-9.28019;7.94217;12.9696;-10.3267;-10.6253;11.3736;-0.122122;
elephant;caltech/elephant/image_0027.jpg;-7.87485;2.92915;17.1908;2.48629;-9.16357;3.3534;13.4812;1.09744;-1.57664;8.6421;3.42501;-10.7646;4.17772;11.1336;10.3043;4.91496;-1.44992;-9.48912;8.96876;13.6405;-10.6202;-11.8981;12.7663;-0.520284;
elephant;caltech/elephant/image_0016.jpg;-6.807;3.04554;17.8525;2.58128;-8.66096;2.94814;12.8725;1.71977;-1.45102;8.19128;2.28785;-10.7312;4.31617;10.5037;10.0624;4.44306;-0.680486;-10.5148;8.04586;13.5918;-11.1852;-10.7258;13.697;0.572711;
elephant;caltech/elephant/image_0010.jpg;-7.16471;2.41421;18.2511;3.01636;-9.08879;3.39624;13.442;0.295955;-2.0066;8.1763;3.06072;-11.0061;3.83721;11.4827;10.9642;4.22505;-1.88923;-9.36731;8.50338;15.1227;-11.9451;-11.1252;14.0388;0.0466046;
elephant;caltech/elephant/image_0026.jpg;-6.99887;3.13514;17.2893;1.78761;-9.82006;2.64102;13.4925;1.23233;-1.84896;8.53711;2.3899;-9.88843;3.18436;9.83237;10.3772;4.20045;-1.80329;-9.2535;8.72501;13.0457;-9.59008;-11.0187;11.8346;-0.267176;
elephant;caltech/elephant/image_0040.jpg;-7.17911;2.44467;16.7776;1.36529;-10.0767;2.48633;13.8461;1.77179;-1.75176;8.11591;2.22043;-9.52849;3.57362;9.73755;10.0142;4.58649;-1.16775;-9.48909;7.55318;12.0234;-10.5703;-10.8329;11.3069;-0.282552;
elephant;caltech/elephant/image_0020.jpg;-6.88873;2.64581;18.4316;3.44513;-9.14392;3.44206;13.847;0.57913;-1.22436;7.84442;2.19867;-9.70654;2.9194;11.9299;10.6472;3.61;-1.03351;-9.80011;8.35249;14.5955;-11.5966;-11.2511;13.4887;-0.138852;
elephant;caltech/elephant/image_0005.jpg;-6.81252;2.48384;18.6324;2.91651;-8.40575;2.78589;13.6907;0.623903;-1.28237;9.16365;2.99455;-10.965;4.19433;11.8085;11.5011;4.61333;-2.35183;-9.61526;8.61377;14.96;-12.0535;-11.8696;14.3009;-0.987944;
elephant;caltech/elephant/image_0021.jpg;-5.76303;1.96968;17.4739;1.66514;-9.94321;2.34952;12.6928;0.915093;-1.47634;8.16411;1.4578;-9.40861;2.7615;11.1341;9.81815;3.09022;-1.32199;-9.67077;8.27299;13.5315;-10.9852;-10.0781;11.9484;-1.13882;
elephant;caltech/elephant/image_0007.jpg;-6.77313;2.66882;18.1;2.21776;-9.94377;3.5617;12.4741;1.02008;-1.83176;8.04558;3.11307;-9.10704;2.04943;10.4317;9.24424;2.93085;-0.603037;-10.1128;8.33601;14.5431;-11.4873;-9.20847;11.9626;-0.142208;
elephant;caltech/elephant/image_0004.jpg;-6.89463;3.18379;18.03;3.57296;-8.62483;3.28918;13.6242;0.294985;-1.27148;8.76479;3.60129;-11.3455;3.91572;12.0292;11.2132;4.22413;-1.18962;-10.5629;8.95317;15.6535;-11.6989;-11.2757;14.6604;-0.313669;
elephant;caltech/elephant/image_0022.jpg;-7.2283;3.15476;17.3423;1.97398;-9.71955;2.98418;13.1697;0.121051;-1.86123;7.92184;3.01527;-11.4864;3.26459;10.3879;9.46;3.68372;-0.987923;-9.27183;8.77554;13.4273;-10.0177;-10.3268;13.3145;0.0676422;
face;caltech/face/image_0018.jpg;-6.67143;2.80094;18.181;3.26421;-8.69653;2.98467;13.4934;0.118045;-1.71207;8.65751;3.20595;-10.7528;3.84192;11.9581;11.6461;4.24327;-1.97808;-9.62423;8.65868;15.6484;-12.125;-11.513;14.1593;-0.871466;
face;caltech/face/image_0006.jpg;-7.21471;2.70541;18.8288;1.73332;-11.0131;2.55793;13.7364;1.94036;-1.84338;8.85342;2.34306;-9.95979;3.52925;11.0021;10.6684;4.44535;-1.79393;-10.1715;8.50954;14.6863;-11.7611;-10.5227;13.1732;-0.994164;
face;caltech/face/image_0001.jpg;-6.66563;3.64196;18.1532;2.06629;-10.2682;2.31093;14.0686;0.73049;-1.45984;8.81484;3.22974;-9.93828;3.14896;11.0489;10.9112;4.84834;-1.48205;-9.97074;8.4091;14.6471;-12.6651;-11.7979;11.6233;-1.55035;
face;caltech/face/image_0024.jpg;-7.396;3.00996;18.041;1.90532;-10.0901;3.08975;13.9458;0.892117;-1.44317;8.724;2.19379;-9.68033;3.01524;10.6588;10.0455;4.7057;-1.82727;-10.149;8.71688;13.6913;-11.755;-11.3101;11.9688;-1.0243;
face;caltech/face/image_0011.jpg;-7.00234;2.59407;18.6348;3.36832;-8.42733;2.80624;13.4131;0.650189;-1.46408;8.8395;3.1621;-10.891;4.13245;12.205;11.9545;4.91823;-1.46312;-10.6006;8.83099;15.7351;-12.3311;-11.4653;14.24;-0.228963;
face;caltech/face/image_0012.jpg;-6.20388;2.69731;17.7081;1.00465;-10.338;2.07865;13.5768;1.2653;-1.21432;9.00978;1.75218;-9.513;3.18537;10.588;10.1801;4.44211;-2.19372;-10.221;8.40989;13.3657;-10.7089;-10.9277;11.1615;-1.42211;
face;caltech/face/image_0025.jpg;-7.08888;3.00115;18.109;2.4514;-9.65926;2.89629;14.1383;1.25594;-1.50641;8.4483;2.56687;-9.82204;3.22581;12.089;11.6523;4.74454;-2.10488;-9.37837;8.69711;14.8315;-12.4098;-10.9665;13.6252;-1.11538;
face;caltech/face/image_0009.jpg;-7.11605;3.14291;18.9673;3.03383;-8.58575;2.95466;13.5216;0.694334;-1.49647;8.82024;2.84713;-10.4009;3.7477;11.9314;11.4244;4.68392;-2.16303;-10.2847;8.9431;15.2961;-12.6284;-11.7794;14.2446;-0.67603;
face;caltech/face/image_0327.jpg;-6.95936;3.17096;17.6522;2.11964;-10.6725;2.11745;14.6078;2.36079;-1.26102;8.53209;2.1288;-9.24996;3.04255;10.5447;10.9207;4.83182;-2.40431;-9.80467;8.60125;13.2803;-10.5705;-11.817;12.1389;0.496552;
face;caltech/face/image_0023.jpg;-7.28131;3.28913;18.4529;2.70409;-9.11139;3.29738;14.1229;0.535434;-1.51856;8.59699;3.03839;-10.5269;3.87353;11.0259;11.1276;4.30273;-1.5941;-10.2752;9.06356;14.7358;-11.874;-11.4818;13.9817;-0.275147;
face;caltech/face/image_0322.jpg;-6.14435;3.40812;18.5266;2.73662;-10.4956;2.80892;13.4217;1.40137;-2.56544;8.69142;2.8619;-10.2574;3.23613;10.9425;10.6697;3.42402;-2.46351;-9.72448;8.44254;14.5782;-11.4336;-10.6025;12.9267;-0.338923;
face;caltech/face/image_0319.jpg;-7.29998;3.14381;17.4264;2.42002;-9.46834;2.95273;13.5259;1.02479;-1.6757;8.00073;2.46206;-10.6288;3.34194;10.3954;10.3108;4.07839;-0.872904;-9.50847;9.06198;13.2708;-9.86848;-10.6509;13.9502;0.795967;
face;caltech/face/image_0019.jpg;-6.44693;2.89411;18.5951;3.29638;-9.36928;3.28912;14.2177;0.971258;-1.86132;8.73585;3.04578;-9.79903;3.45055;11.1751;10.981;4.80276;-2.17926;-10.1079;8.45451;14.5319;-12.0607;-11.8732;12.3645;-1.07047;
face;caltech/face/image_0318.jpg;-6.83482;2.37936;17.3858;2.24461;-9.94018;3.19294;14.2409;1.79187;-1.14253;7.94674;2.89358;-10.9169;3.57767;10.3103;9.91656;4.43048;-1.47474;-10.384;8.89614;13.3916;-10.1494;-11.591;11.7232;-0.0792142;
face;caltech/face/image_0323.jpg;-8.09511;1.87065;17.0861;1.10752;-9.94879;2.96471;13.0038;1.92623;-1.57665;7.70317;1.67219;-9.6895;2.87802;11.5814;9.66963;4.92389;-0.607662;-10.4591;8.82145;12.7266;-12.4518;-9.94912;11.5283;-1.01828;
face;caltech/face/image_0324.jpg;-6.43511;2.76698;17.5189;2.17721;-9.94449;2.89827;13.4846;1.38192;-1.5894;7.78538;2.39423;-9.89893;2.78763;11.947;10.5155;4.37763;-1.20601;-9.61295;8.87785;13.8798;-10.6354;-10.9604;12.6887;-0.7722;
face;caltech/face/image_0003.jpg;-7.3769;2.15932;16.5928;0.91962;-9.76941;2.5551;12.7345;1.26281;-1.62059;7.98672;1.5155;-9.69087;4.13775;10.5477;10.1047;5.24825;-1.33672;-9.98356;8.51556;12.9024;-11.8462;-10.4515;12.4676;-0.0491272;
face;caltech/face/image_0028.jpg;-7.22984;3.35374;18.0111;2.37009;-9.50399;3.0292;13.8025;0.337631;-1.87683;8.25339;2.85455;-10.6623;3.70802;10.97;10.7984;4.46267;-2.18806;-9.55174;8.99636;14.6266;-11.4011;-11.1634;13.3982;0.143053;
face;caltech/face/image_0002.jpg;-7.14438;2.65443;17.5209;2.02972;-10.4928;2.49946;14.2128;1.40874;-1.26226;8.21342;2.19469;-8.31028;2.24718;10.4472;10.1691;4.05411;-1.70934;-9.51207;8.02147;12.6861;-10.4541;-11.1104;11.2324;-0.230075;
face;caltech/face/image_0320.jpg;-7.00544;2.3551;17.5161;1.76491;-9.23371;2.30505;12.9104;1.50245;-0.821241;9.13347;1.49516;-9.46621;3.30275;11.5956;11.1201;4.88123;-1.937;-10.6541;8.79126;12.8541;-12.2218;-11.1305;12.4103;-1.44602;
face;caltech/face/image_0316.jpg;-6.64793;2.63457;17.0349;2.04791;-10.8829;2.6833;13.5718;1.75019;-2.07273;8.57099;1.69038;-9.43149;3.24018;10.8848;11.0961;4.94853;-1.41265;-10.1412;8.94559;13.454;-11.316;-11.3604;10.6102;-1.55314;
face;caltech/face/image_0014.jpg;-6.77436;2.76567;17.9683;3.64022;-8.65421;3.42769;13.9233;0.353192;-1.43471;9.04762;2.92712;-10.7467;4.36192;12.2865;11.6349;4.63497;-1.89464;-9.5406;8.8531;15.8623;-12.4771;-12.0781;13.9768;-0.317493;
face;caltech/face/image_0017.jpg;-6.74038;2.94712;18.4006;3.32749;-9.21299;3.22796;13.9116;0.353688;-1.96675;8.8618;2.94047;-10.6288;3.74459;12.1959;11.3713;4.57889;-1.88972;-9.6558;8.40412;16.32;-12.5896;-11.931;14.2046;-0.800033;
face;caltech/face/image_0008.jpg;-6.96426;2.55496;18.5037;3.21523;-9.41428;2.94394;13.7736;0.767296;-2.20447;9.26055;2.72448;-10.1421;3.44888;12.2766;11.3839;4.71127;-2.40355;-9.66688;8.30761;15.2408;-12.511;-11.6132;13.4895;-0.436628;
face;caltech/face/image_0013.jpg;-6.75025;3.15267;18.4272;3.25454;-9.48137;3.20736;14.1953;0.727604;-1.22947;8.5491;3.3317;-10.9244;3.8898;11.959;11.3743;4.07878;-1.57365;-9.96489;8.70782;15.6857;-11.8975;-11.0222;13.935;-0.536721;
face;caltech/face/image_0015.jpg;-6.54941;2.77846;16.5702;1.31017;-9.87649;2.02055;12.4439;1.81285;-1.39205;8.90322;1.74461;-8.32452;3.36642;10.9659;10.2083;4.47684;-2.02329;-10.0569;8.38634;13.1972;-12.6163;-10.4888;10.0088;-1.27058;
face;caltech/face/image_0325.jpg;-6.67737;2.28372;17.1095;2.03817;-9.80869;1.78048;14.4259;1.35512;-1.07486;8.46906;2.52907;-10.9554;3.47515;10.3319;10.4634;4.51013;-1.80051;-9.87947;8.54937;13.2943;-10.2465;-11.1303;12.6719;-0.261019;
face;caltech/face/image_0321.jpg;-6.66352;2.05602;16.6973;0.982104;-10.3054;2.08723;13.243;1.90047;-1.18707;8.77717;0.79448;-8.57958;3.26906;10.9623;10.8101;5.17809;-1.58472;-10.2078;8.02857;12.7425;-11.3219;-10.7448;10.2413;-1.78581;
face;caltech/face/image_0317.jpg;-6.79934;3.10065;17.8313;2.65992;-9.12124;2.37204;13.6748;1.10563;-1.26679;8.92407;2.85812;-10.3231;3.80028;11.9062;11.2645;4.47534;-1.90524;-10.007;9.36514;14.1833;-12.204;-11.3625;12.752;-0.527024;
face;caltech/face/image_0027.jpg;-7.23768;3.22694;18.463;3.57103;-9.01687;3.04955;13.9621;0.977479;-1.57558;8.76321;3.10764;-10.9622;4.07724;11.4157;11.4476;4.24393;-2.09091;-10.1554;9.09053;15.5447;-11.8898;-11.4821;14.0005;0.234954;
face;caltech/face/image_0016.jpg;-7.20636;1.98867;15.2787;0.217301;-10.3368;2.03731;12.8056;1.13025;-1.83132;6.86234;0.819529;-8.8443;2.69323;10.7494;9.96591;5.34616;0.162653;-9.40247;7.97992;12.1137;-10.585;-9.31699;9.74093;-1.83574;
face;caltech/face/image_0010.jpg;-7.02136;2.8861;18.3894;2.86453;-9.36186;2.84876;13.8638;0.804849;-1.75228;8.76962;2.75264;-10.2842;3.84875;12.1751;11.3231;4.78015;-1.80622;-9.71573;9.10335;15.1821;-12.263;-11.8799;13.92;-1.08989;
face;caltech/face/image_0026.jpg;-6.60614;2.88025;18.1997;3.34253;-8.36521;2.99872;14.1917;0.527033;-1.65476;8.72;3.1121;-10.8309;4.29462;11.6619;11.5242;4.65276;-2.31538;-9.7646;8.85913;15.2433;-11.1246;-11.8812;14.2816;0.109119;
face;caltech/face/image_0020.jpg;-7.53893;2.75296;17.2547;1.77563;-9.90833;2.92717;13.7001;1.54242;-1.2354;8.05543;2.58057;-9.35666;3.0993;11.0987;10.0526;4.74304;-0.775354;-10.0376;8.65447;13.258;-11.5088;-10.6357;12.061;-0.337819;
face;caltech/face/image_0005.jpg;-6.8175;2.83058;18.3667;2.95622;-9.44739;3.07585;13.9336;0.902926;-1.10267;8.90173;2.49233;-10.2415;3.61181;12.0492;10.5206;4.82218;-2.49138;-9.69257;8.34732;14.9312;-12.4776;-11.6874;12.7411;-1.18334;
face;caltech/face/image_0021.jpg;-6.67839;2.13898;16.1578;1.10497;-11.4171;1.9194;13.7416;2.44755;-1.31678;7.7677;1.26374;-7.29585;2.23088;10.2612;10.4425;4.98258;-1.30203;-9.26427;7.85812;11.8422;-10.527;-10.9764;9.57756;-1.11131;
face;caltech/face/image_0007.jpg;-7.30073;3.23173;17.7647;2.27549;-9.69766;3.06995;13.9937;1.16546;-1.11233;8.56193;2.79437;-9.96836;2.38824;11.4455;10.9851;4.82589;-1.37691;-10.2956;8.62992;14.7127;-11.6338;-10.44;13.1526;-1.11288;
face;caltech/face/image_0326.jpg;-6.80212;3.23737;18.8985;3.21807;-9.16091;3.17811;13.8224;0.370382;-1.06257;8.71269;2.82677;-10.4484;3.76301;10.797;10.9405;3.78514;-1.8183;-9.89159;8.3452;14.4434;-11.9389;-11.2569;13.4933;0.722339;
face;caltech/face/image_0004.jpg;-7.31308;2.77455;18.3722;2.59931;-9.5622;2.70505;13.5589;1.16899;-1.7994;8.45415;2.24558;-10.2651;3.65292;11.9474;10.6298;5.05788;-2.18223;-9.43539;8.66623;14.2565;-11.9108;-11.4055;12.762;-0.627487;
face;caltech/face/image_0022.jpg;-6.33739;3.36677;18.6573;3.21388;-9.83044;3.00093;14.2162;0.932406;-1.31434;8.7522;2.54947;-9.98497;3.16432;11.4181;10.3522;3.49007;-2.5781;-9.25733;8.92888;14.2535;-11.3521;-11.3005;12.9091;-0.18252;
laptop;caltech/laptop/image_0018.jpg;-7.36143;2.9056;18.1249;2.6778;-8.69128;3.39176;13.7749;0.392095;-1.32228;8.60456;3.30192;-10.3991;3.62351;10.0028;11.2842;3.82462;-0.866829;-10.3377;8.48014;15.211;-11.332;-11.4029;13.8287;-0.351325;
laptop;caltech/laptop/image_0006.jpg;-7.21548;2.82762;18.3468;3.70411;-8.62168;3.03028;13.5958;0.0207337;-1.52755;8.41931;3.30747;-10.5482;4.32688;11.5155;10.8822;3.73917;-1.32733;-10.584;9.16818;15.0654;-12.0061;-11.061;14.4059;0.237343;
laptop;caltech/laptop/image_0001.jpg;-7.66624;2.36778;18.3408;2.95601;-9.22117;2.88714;13.5986;0.33592;-1.33133;7.95735;3.33915;-10.495;3.46919;9.92635;10.8603;2.75062;-1.8705;-9.5648;9.72217;14.3523;-11.4157;-10.6578;14.7692;0.539187;
laptop;caltech/laptop/image_0039.jpg;-7.37494;3.07791;17.7056;2.48738;-9.17119;2.86674;13.9053;1.18687;-1.63795;9.08167;3.06643;-9.44382;3.33575;10.5356;11.0383;3.92051;-1.33945;-10.2282;8.89804;13.395;-11.6046;-11.3517;11.6956;-0.928823;
laptop;caltech/laptop/image_0032.jpg;-7.05132;2.3616;17.8519;2.4633;-9.34128;2.41101;14.3852;0.212405;-1.03859;8.53672;2.37473;-9.99252;3.6003;11.3632;11.6454;4.88588;-1.2279;-10.452;8.639;13.645;-12.3992;-11.8914;11.9045;-1.14293;
laptop;caltech/laptop/image_0029.jpg;-7.58709;3.01938;17.5183;2.69518;-9.03862;2.76249;14.492;0.99205;-1.60898;9.37998;3.13927;-10.4641;3.9944;11.0247;10.8782;4.72799;-2.47737;-10.1043;8.94257;14.3522;-11.4024;-11.9597;12.5534;-0.488393;
laptop;caltech/laptop/image_0024.jpg;-7.42864;2.5962;17.9582;2.99502;-8.98002;3.46756;14.0286;-0.2262;-1.39166;8.48137;2.91399;-10.5355;3.55245;10.2332;10.1241;3.21926;-1.98071;-9.75539;8.74019;14.7853;-11.1133;-11.456;13.2996;-0.630825;
laptop;caltech/laptop/image_0037.jpg;-7.06083;2.69984;18.2285;3.29184;-8.9694;2.48179;13.7873;0.358457;-1.55602;8.50252;3.06379;-10.7829;3.49438;11.7194;11.6583;3.93361;-2.03535;-9.64573;9.44751;15.0552;-11.6251;-11.5666;14.4695;-0.376416;
laptop;caltech/laptop/image_0011.jpg;-6.74884;2.74667;18.3522;3.57366;-9.16909;2.62462;13.3754;0.471288;-1.48138;8.61321;3.25588;-9.64727;3.57159;11.0641;11.1541;4.10905;-1.79357;-9.63679;8.32637;15.7681;-11.9286;-11.1406;14.2329;0.102146;
laptop;caltech/laptop/image_0012.jpg;-7.46424;2.64093;18.0353;2.63977;-9.09946;2.62814;13.1784;1.6133;-1.29915;8.24757;2.3314;-8.48467;3.36955;10.679;10.48;3.85588;-2.46535;-8.98915;8.31419;13.2699;-11.836;-10.8351;12.5513;0.367631;
laptop;caltech/laptop/image_0025.jpg;-6.97616;2.52113;18.3016;3.09854;-8.72069;3.38145;13.5396;0.518011;-1.41248;7.95521;2.87844;-10.4465;3.28072;10.4784;11.0273;2.95472;-2.05872;-9.28219;8.88553;14.4883;-11.7293;-10.9908;14.0241;0.259598;
laptop;caltech/laptop/image_0009.jpg;-7.06355;3.33264;17.1488;2.62828;-9.60627;2.12219;13.6998;1.17278;-1.55723;7.32494;2.1201;-8.65526;2.68412;10.304;10.2175;3.77102;-2.39911;-8.38062;8.50139;12.6267;-10.8275;-11.0649;11.1588;-0.26464;
laptop;caltech/laptop/image_0023.jpg;-6.92938;2.32895;17.7951;2.64553;-9.82678;2.1655;13.2195;0.746311;-1.66912;7.92254;2.33685;-8.50538;2.42597;10.8463;10.0644;3.53119;-0.399244;-8.84655;8.33722;13.1282;-12.0723;-9.59099;12.9631;0.563415;
laptop;caltech/laptop/image_0031.jpg;-7.44613;2.53104;17.68;3.17635;-8.73466;3.01522;13.6422;0.652478;-1.69104;8.4016;2.76857;-10.3708;3.65527;11.3443;10.5398;3.70128;-2.49265;-9.82105;8.93104;14.5217;-11.8127;-11.2139;13.0933;-0.627706;
laptop;caltech/laptop/image_0030.jpg;-7.12625;2.60134;17.6534;2.89856;-9.26488;2.04538;14.3833;0.564903;-1.16002;8.45792;3.26328;-10.7121;3.49491;10.3784;11.9013;4.36352;-1.54289;-9.39649;8.80367;14.5525;-10.7566;-11.0258;13.3488;0.21669;
laptop;caltech/laptop/image_0019.jpg;-7.30507;2.65352;17.4035;2.09876;-9.80827;2.0973;13.8016;1.00129;-1.47284;7.5166;2.21156;-9.23319;2.9084;9.37239;10.9655;3.44236;-2.78161;-8.36296;9.58532;12.2193;-10.3817;-11.2015;12.0238;0.739929;
laptop;caltech/laptop/image_0003.jpg;-6.67884;3.53682;17.0756;2.30961;-8.6321;2.19602;14.2681;1.06396;-1.15516;8.58518;3.25888;-9.82446;3.96838;10.0172;11.5634;5.07418;-2.09807;-9.54511;8.08577;13.1719;-10.2356;-12.2376;11.6784;-0.021921;
laptop;caltech/laptop/image_0034.jpg;-7.0114;2.59299;17.6619;3.19405;-9.03651;2.76421;14.2001;0.164937;-1.18615;8.08055;3.6599;-10.4;3.24168;10.4029;11.3266;4.01934;-1.07084;-10.0314;8.41885;15.2286;-11.0715;-11.7326;13.226;-0.341448;
laptop;caltech/laptop/image_0028.jpg;-7.62543;2.98795;16.5734;1.71861;-9.85367;1.64015;12.3743;1.68585;-0.76303;6.74078;1.90799;-6.95468;1.95034;9.54263;10.2345;3.26098;-1.05395;-8.93096;7.97442;12.434;-11.2461;-9.68499;9.25966;-0.00687796;
laptop;caltech/laptop/image_0036.jpg;-6.99628;2.72662;17.5332;2.85557;-8.25306;2.39688;14.0438;0.0934194;-1.84598;8.20322;3.17987;-10.3567;3.81725;11.6544;11.4534;4.23616;-1.94214;-9.77418;8.81168;14.7714;-12.0999;-11.1278;13.1736;-0.441322;
laptop;caltech/laptop/image_0002.jpg;-6.95238;2.45715;18.7692;3.43716;-9.01122;2.56433;13.8202;-0.262385;-2.06595;8.60845;3.22427;-11.3452;3.67494;11.5647;11.6691;3.49371;-1.47834;-10.0894;9.3181;15.5286;-11.8465;-10.9205;14.5316;-0.485282;
laptop;caltech/laptop/image_0014.jpg;-7.41638;2.30695;17.7422;2.23913;-9.10333;3.16343;14.4761;0.921126;-1.25998;8.11007;2.42973;-9.50826;3.27664;10.1591;11.448;4.18991;-2.54246;-9.09138;8.49769;13.2488;-10.511;-11.9456;12.5263;-0.319394;
laptop;caltech/laptop/image_0038.jpg;-7.62721;2.9841;17.9751;3.22255;-8.62124;3.24038;13.7248;-0.150409;-1.51126;8.50497;3.18736;-10.7969;3.72597;10.7355;10.8371;4.13299;-1.49185;-9.59449;9.37694;14.7016;-11.0061;-11.6316;13.8376;-0.279712;
laptop;caltech/laptop/image_0017.jpg;-6.77998;3.88745;18.2615;3.19622;-9.29291;2.17607;13.5984;1.66195;-1.56981;8.20105;3.52204;-9.90732;2.99895;9.46302;10.7996;2.90402;-1.03663;-9.18473;8.31599;13.9556;-10.7364;-10.2551;13.7053;0.621355;
laptop;caltech/laptop/image_0008.jpg;-6.84425;2.75962;17.6623;2.90733;-9.4328;3.05394;13.3409;1.1521;-1.06634;8.16514;2.60185;-9.25291;3.11796;10.1981;10.6328;3.38713;-2.88988;-9.5413;8.45785;13.8273;-10.1034;-10.8917;12.4426;0.180643;
laptop;caltech/laptop/image_0033.jpg;-7.39493;3.65698;18.4805;3.33573;-9.76872;3.05527;13.8827;0.630924;-1.46225;8.14853;3.24365;-9.55601;3.38387;10.2951;10.8848;4.06951;-2.41155;-9.57197;7.98971;14.0357;-11.8027;-11.893;11.9726;0.115798;
laptop;caltech/laptop/image_0013.jpg;-7.16877;3.20985;18.0145;3.59642;-8.7593;2.83339;13.0472;0.510739;-1.48989;8.28943;2.72535;-9.68882;3.28526;10.6229;10.5479;3.5612;-2.57969;-9.16406;7.80789;14.2536;-11.2138;-10.4991;13.4907;0.506724;
laptop;caltech/laptop/image_0015.jpg;-7.26573;2.66863;17.2438;2.58373;-9.19584;3.08941;13.6959;0.348934;-2.06775;7.61499;2.83511;-10.7368;3.41332;10.0876;10.4964;2.71106;-1.49284;-9.86087;9.10152;13.6785;-11.0597;-10.3243;13.5665;0.10723;
laptop;caltech/laptop/image_0035.jpg;-7.29989;3.02169;18.1712;2.80113;-9.47998;2.26642;14.0054;0.401082;-1.60076;8.15878;3.45604;-9.55585;3.2091;9.55975;10.9402;3.71655;-1.5585;-8.83324;8.84148;13.9023;-11.3127;-10.4038;13.7815;0.782805;
laptop;caltech/laptop/image_0027.jpg;-6.37207;2.32944;18.1072;3.81594;-8.9936;2.33334;13.2384;0.445537;-1.6364;8.31754;3.03369;-9.90682;3.47333;12.1641;10.8649;3.89884;-1.71693;-9.39485;8.41747;15.3592;-11.7967;-11.0113;14.2479;-0.222195;
laptop;caltech/laptop/image_0016.jpg;-6.36444;2.60134;17.7272;2.51937;-10.1585;2.0411;13.5327;2.00119;-0.698122;8.27944;1.73207;-8.45761;3.09538;9.94918;10.4758;3.58712;-2.74461;-8.99206;7.79502;12.7693;-10.7385;-10.6019;11.8069;0.595102;
laptop;caltech/laptop/image_0010.jpg;-6.55682;2.39442;17.8907;2.02157;-9.88454;1.73576;13.8841;1.20398;-0.993425;7.4369;2.07987;-8.31945;3.04077;9.97155;11.2658;3.94477;-2.27247;-8.5689;8.35353;12.2872;-10.7944;-10.2768;12.2019;0.408208;
laptop;caltech/laptop/image_0026.jpg;-6.63995;3.34943;17.8389;2.63003;-9.133;2.8144;13.4548;0.664682;-1.54545;8.48405;3.30769;-10.2382;2.72653;9.93919;10.4646;3.47096;-1.84917;-9.87674;8.14261;13.5709;-11.1604;-10.6958;13.0597;0.0417096;
laptop;caltech/laptop/image_0040.jpg;-6.90546;2.92014;18.3461;3.26021;-9.5338;2.45172;14.3232;0.636085;-1.18344;8.5202;3.03735;-9.21443;3.10244;10.929;11.7565;4.00879;-1.88832;-9.01072;8.2707;14.5609;-11.3269;-10.9768;13.5217;0.112575;
laptop;caltech/laptop/image_0020.jpg;-6.91038;2.42285;18.3633;3.67959;-8.31919;3.25344;13.4294;-0.0775181;-1.60899;8.52371;3.52578;-10.9688;4.37877;11.8933;11.5009;4.48961;-1.77347;-9.92264;8.94392;15.6214;-11.9822;-11.7546;14.0875;-0.741974;
laptop;caltech/laptop/image_0005.jpg;-7.26913;2.98465;17.6221;2.52633;-9.55825;2.0888;14.1172;0.392869;-1.02287;8.31435;3.27748;-10.3148;3.1629;9.21407;10.8954;2.75898;-2.18748;-9.99927;9.75277;13.1278;-10.6071;-11.2807;12.9426;0.548348;
laptop;caltech/laptop/image_0021.jpg;-6.84743;3.09225;17.8089;2.41611;-9.62932;2.52372;14.1042;0.637458;-0.346171;7.98705;2.52401;-9.22743;2.71268;9.62308;10.6455;3.19372;-1.47474;-9.55686;7.71515;14.1538;-10.8905;-10.3544;11.9667;0.177102;
laptop;caltech/laptop/image_0007.jpg;-6.88007;3.02432;18.2159;3.12989;-9.12851;3.20471;14.0687;0.280684;-0.956325;7.61766;3.36043;-10.8512;3.95248;10.1575;11.1454;2.92042;-2.25311;-9.69129;9.64338;14.5099;-10.9878;-10.8867;13.7463;0.222974;
laptop;caltech/laptop/image_0004.jpg;-7.0035;3.07777;18.0602;3.1553;-9.91117;2.4445;13.5204;0.698074;-1.90145;8.44078;3.07194;-9.91356;3.22076;9.93561;10.434;3.03588;-2.22475;-9.26665;8.75191;14.1135;-11.7538;-10.7582;13.4866;0.775374;
laptop;caltech/laptop/image_0022.jpg;-7.32384;2.80823;18.0398;3.47474;-8.59848;2.80907;13.8393;-0.193762;-1.24609;8.1221;3.46948;-10.3552;3.67616;9.82301;11.1862;3.16284;-1.65591;-10.0529;9.082;14.8892;-11.4002;-10.9168;13.86;0.438316;
pizza;caltech/pizza/image_0018.jpg;-6.5124;1.92024;15.3933;0.735465;-10.6391;3.21299;11.9337;1.06635;-1.86435;6.90116;1.27165;-8.17348;2.70668;7.50115;6.92835;2.17355;-1.66278;-8.3139;7.56205;9.9699;-8.8385;-8.87033;8.57351;1.05545;
pizza;caltech/pizza/image_0006.jpg;-6.93838;3.06411;17.9077;2.68838;-9.55694;3.19677;14.0182;1.11823;-0.956819;9.14891;2.22422;-10.0278;3.80145;11.6134;10.5302;4.2847;-1.49662;-9.74318;8.56859;14.5149;-11.8476;-11.4317;12.4209;-1.22809;
pizza;caltech/pizza/image_0001.jpg;-6.80125;3.27989;18.101;2.37226;-9.67482;2.15002;13.1478;1.58947;-1.1679;7.80963;2.38398;-8.8707;2.65849;10.3363;9.41924;3.01093;-1.65221;-9.6287;8.26583;13.4667;-11.1434;-9.81115;12.2897;-0.0233536;
pizza;caltech/pizza/image_0039.jpg;-6.11594;2.25327;17.1728;1.17468;-11.0002;2.68164;12.7574;2.03819;-1.37252;7.04429;1.65061;-8.22114;2.22902;8.98606;9.04254;2.54293;-1.39767;-9.34541;7.99426;11.7536;-10.4877;-9.44223;10.08;0.0571591;
pizza;caltech/pizza/image_0032.jpg;-6.74122;2.63271;17.6193;2.26145;-9.97482;2.47374;13.2475;1.82904;-0.981423;7.89602;2.11997;-8.11247;2.25024;9.59843;9.74622;2.45732;-1.77076;-9.45631;7.95202;13.2828;-10.3334;-8.9926;12.1728;0.351443;
pizza;caltech/pizza/image_0029.jpg;-6.80601;3.35697;18.1469;2.41677;-9.78393;2.42322;13.2364;1.29889;-0.980334;8.07095;2.17389;-9.25338;3.09998;9.90796;9.93249;2.77364;-1.8734;-9.24683;8.41265;13.6092;-11.3493;-10.2932;12.0904;0.233952;
pizza;caltech/pizza/image_0024.jpg;-6.91339;3.5372;17.3182;1.50646;-10.9075;1.51318;13.7526;1.76118;-0.954046;7.84281;2.41085;-8.78229;2.02091;9.59022;9.71188;4.13668;-1.52747;-9.6642;7.715;12.4895;-10.5504;-9.80594;10.4835;-0.270487;
pizza;caltech/pizza/image_0037.jpg;-6.70116;2.70793;17.6606;2.57361;-10.6006;2.13912;12.8495;2.36397;-1.11708;7.68185;1.82343;-8.44264;2.67818;8.97566;9.56266;2.42085;-1.78302;-9.27559;8.03824;11.9479;-11.1293;-9.51004;10.9372;0.408694;
pizza;caltech/pizza/image_0011.jpg;-6.86256;2.57687;16.2895;1.02796;-9.90656;1.30266;12.3985;1.47073;-0.675022;7.43024;1.73916;-7.13712;1.46002;8.77712;8.83473;2.0107;-0.330684;-8.64208;7.87895;10.8986;-10.0205;-8.14256;9.3163;0.00339764;
pizza;caltech/pizza/image_0012.jpg;-6.81359;3.20237;17.1849;1.58873;-11.0306;2.14542;13.8859;1.77564;-0.974811;7.85846;2.1129;-8.63402;2.1383;9.56077;9.36397;3.68854;-1.89976;-9.01444;7.68308;12.135;-10.9209;-10.1028;10.3364;0.0437106;
pizza;caltech/pizza/image_0025.jpg;-7.1092;3.36304;17.3008;2.57411;-10.1506;2.32036;14.5499;1.4946;-1.74856;8.62935;2.71327;-8.29927;3.41592;9.40756;10.2209;3.63987;-2.00736;-9.09293;8.62613;13.5312;-10.1019;-10.7183;11.3508;-0.997876;
pizza;caltech/pizza/image_0009.jpg;-6.9636;2.39405;18.0967;3.56519;-8.1818;3.29985;12.9423;0.235419;-1.71031;8.59222;2.73166;-10.244;3.6136;12.2548;11.1218;4.10574;-1.98338;-10.2985;8.46508;15.5748;-13.0303;-10.8007;14.0239;-0.828975;
pizza;caltech/pizza/image_0023.jpg;-6.059;3.10945;17.2506;2.21631;-10.2264;2.71539;13.0664;1.66136;-0.923515;7.6407;2.10367;-8.25499;2.11582;9.24224;10.0554;3.07033;-1.91081;-9.11408;7.91079;12.0416;-11.0215;-9.67632;10.5949;0.847886;
pizza;caltech/pizza/image_0031.jpg;-6.48597;2.61028;18.0793;2.97013;-8.6101;2.37475;12.3781;1.11816;-1.11944;7.97392;1.451;-8.28439;2.33923;9.90604;9.45451;1.6001;-1.72259;-9.37655;7.90883;13.0225;-11.796;-9.26842;12.5559;0.64436;
pizza;caltech/pizza/image_0030.jpg;-6.32892;2.63497;17.0358;1.83538;-11.0042;2.3551;12.7621;1.6909;-1.00183;7.96163;1.51798;-7.367;2.41534;11.2251;10.4254;4.0514;-2.05049;-9.49053;7.65177;13.1569;-12.3139;-10.5321;10.7533;-1.4271;
pizza;caltech/pizza/image_0019.jpg;-6.33413;2.97533;17.0221;1.47541;-11.8577;1.65417;13.4219;2.43545;-1.06379;7.72336;1.03924;-8.04173;2.35616;8.77907;9.2498;3.08994;-1.85338;-9.01083;7.68259;11.9142;-10.4718;-10.0031;9.81369;0.468625;
pizza;caltech/pizza/image_0003.jpg;-7.51791;2.99597;18.1681;2.37254;-9.41487;2.49465;14.0187;1.14335;-0.740593;8.42237;2.02478;-9.34468;3.06721;10.6142;9.90985;3.70847;-2.01766;-10.1098;8.15854;13.6993;-10.7757;-11.1562;12.1174;-0.435293;
pizza;caltech/pizza/image_0034.jpg;-6.48322;2.95722;18.4528;2.51712;-10.2247;2.92331;12.4934;1.56037;-1.61903;8.46975;1.93907;-8.64603;2.56556;10.2555;9.61896;2.80639;-1.46692;-9.92846;7.58985;13.976;-11.4164;-9.74755;11.9462;-0.0908116;
pizza;caltech/pizza/image_0028.jpg;-7.08649;3.50117;17.7997;2.39375;-9.41843;2.85293;13.8363;1.73345;-1.54476;8.60293;2.80837;-9.53044;3.39653;10.3074;10.4363;3.95236;-2.02832;-9.31609;8.2446;13.9236;-10.7743;-10.8628;12.819;0.349584;
pizza;caltech/pizza/image_0036.jpg;-6.585;3.41443;18.3195;2.06261;-10.6658;2.19102;14.2239;1.11432;-0.761988;8.47372;2.58134;-8.43165;2.23074;9.94276;9.92762;3.05863;-1.6113;-9.61991;8.39794;13.1551;-11.2993;-10.5999;11.0928;-0.311329;
pizza;caltech/pizza/image_0002.jpg;-6.7328;3.35648;17.479;2.05464;-10.425;2.11901;13.9779;1.32038;-1.22563;8.24163;1.91749;-9.24183;2.47114;10.682;9.65904;3.80616;-1.5469;-9.40508;8.26775;13.0468;-10.6436;-10.5286;11.6315;-0.85082;
pizza;caltech/pizza/image_0014.jpg;-6.68884;2.80569;17.6775;1.91504;-10.0905;1.69885;14.083;1.34906;-1.31638;7.51244;1.72339;-8.43153;2.44129;10.2834;10.7042;3.02612;-1.73061;-9.77648;8.05227;12.6146;-10.061;-10.5403;11.3684;-0.486903;
pizza;caltech/pizza/image_0038.jpg;-6.33346;1.88341;17.4336;1.55737;-9.97827;2.53164;11.6311;1.56237;-1.66411;7.13937;1.53012;-8.31956;2.22853;10.3398;9.44928;2.6516;-1.56895;-9.52477;6.66622;12.5145;-11.0452;-8.91599;11.9123;0.157683;
pizza;caltech/pizza/image_0017.jpg;-6.61287;2.66643;17.5142;3.22562;-8.78534;2.41947;12.047;1.28216;-1.08104;7.46766;1.76417;-8.1336;3.08303;9.81048;9.28313;1.84528;-2.10331;-8.97906;7.42649;13.2465;-12.4512;-8.78579;12.7348;0.502566;
pizza;caltech/pizza/image_0008.jpg;-7.48763;2.68067;17.629;1.32957;-10.303;2.2008;13.729;1.78045;-0.967548;7.80462;1.54764;-8.14087;2.6646;9.98921;10.0677;4.08547;-1.36362;-9.63403;7.74339;12.8745;-10.5721;-10.6234;10.9449;0.282435;
pizza;caltech/pizza/image_0033.jpg;-6.82894;2.87282;17.1573;1.94111;-9.79035;1.8994;12.5143;1.74098;-0.832288;7.5637;1.1101;-7.69601;2.6086;9.255;8.82608;1.95725;-2.36395;-8.72082;8.501;11.4873;-11.6745;-9.27759;10.8102;0.517161;
pizza;caltech/pizza/image_0013.jpg;-6.71115;2.64207;16.6515;1.29773;-10.2175;2.04051;12.1423;1.79969;-0.948316;7.40053;1.90825;-7.32651;2.11184;8.48124;8.86788;1.98856;-0.648023;-8.48955;7.73203;11.8611;-10.1267;-8.4548;10.5464;0.240193;
pizza;caltech/pizza/image_0015.jpg;-6.68534;2.47562;16.8997;1.83788;-9.13576;2.20628;12.9114;0.523906;-1.21955;7.26678;2.44326;-10.6501;3.18202;8.23645;9.83265;2.65717;-1.21345;-8.49993;9.10076;12.1513;-9.10928;-9.99491;13.5375;1.03666;
pizza;caltech/pizza/image_0035.jpg;-6.53827;2.76573;17.9212;2.09205;-9.44363;2.51131;13.0023;0.931095;-0.968849;7.9513;1.93028;-8.23824;2.77435;10.5992;9.61194;2.55893;-2.02824;-9.42433;7.64006;13.7411;-11.3432;-9.72863;12.2513;-0.289411;
pizza;caltech/pizza/image_0027.jpg;-6.93313;3.15174;17.2228;1.57348;-10.6543;1.84968;13.3133;2.08562;-1.03604;7.22087;1.81232;-7.90826;2.24166;9.42877;9.27036;2.96542;-1.20882;-9.40044;8.03549;12.1563;-10.0871;-9.71375;10.9299;0.520282;
pizza;caltech/pizza/image_0016.jpg;-7.00175;2.35743;17.1526;2.04614;-10.4808;2.29784;11.8254;1.57499;-1.21571;6.97518;1.41714;-7.6217;2.02745;9.49221;8.68539;2.26982;-1.43983;-8.15796;7.75416;12.0469;-11.6722;-8.5348;9.97256;-0.389281;
pizza;caltech/pizza/image_0010.jpg;-6.71409;3.09107;17.6931;2.2784;-9.77843;2.06614;13.5808;1.64685;-0.711291;7.7756;2.15279;-8.04504;1.94517;10.4956;9.70552;2.48588;-1.2314;-9.05078;8.15621;13.2026;-10.8117;-9.64662;11.7787;-0.0511993;
pizza;caltech/pizza/image_0026.jpg;-6.41116;2.39959;16.1577;0.902008;-10.8925;1.45809;12.3524;2.60758;-1.20715;7.17063;1.01678;-7.3081;1.72444;7.99327;8.42006;2.07194;-1.13856;-8.38222;7.68415;10.3315;-9.81806;-8.7689;9.25933;0.389281;
pizza;caltech/pizza/image_0040.jpg;-6.08252;2.86454;18.4212;3.0575;-9.32894;2.49848;12.6426;0.947899;-1.27903;8.00336;1.57834;-8.37511;3.58441;11.5192;10.687;4.05777;-2.31412;-9.18696;7.72021;13.6037;-12.9325;-9.94708;11.8026;-0.649009;
pizza;caltech/pizza/image_0020.jpg;-6.37637;2.52899;16.8311;1.79212;-10.3252;2.12301;11.821;1.89749;-0.902612;6.07326;1.63745;-7.81998;2.21668;8.65877;9.27591;2.1943;-1.57771;-8.64088;7.73507;11.4551;-10.2998;-8.47439;10.793;0.401372;
pizza;caltech/pizza/image_0005.jpg;-7.54266;3.0206;17.6686;1.6997;-9.51455;2.56927;13.8883;0.984977;-0.988397;8.21192;2.5154;-9.53214;2.9443;10.1483;10.0528;3.75748;-0.617595;-9.83134;8.29993;13.632;-10.5759;-10.1698;12.5251;-0.59041;
pizza;caltech/pizza/image_0021.jpg;-6.32918;2.81579;17.2129;1.15799;-10.4279;1.57682;12.3476;1.69649;-0.935369;7.63346;1.65094;-7.81565;1.96722;8.926;8.61385;1.94303;-0.800039;-8.95321;8.05293;11.7329;-10.1965;-9.2255;10.2626;0.274797;
pizza;caltech/pizza/image_0007.jpg;-6.53293;2.9159;17.6311;2.58125;-9.59806;3.27889;13.0786;2.19574;-1.96764;8.40355;2.90954;-8.94919;3.06013;11.0156;9.49808;3.37918;-2.00576;-9.00077;7.75792;13.4941;-11.9431;-9.92465;11.4332;-0.537978;
pizza;caltech/pizza/image_0004.jpg;-7.42951;2.01056;16.2458;1.34005;-10.1541;1.80602;11.9593;1.92581;-0.949817;6.97825;0.997684;-7.80692;2.25559;9.47181;8.36536;3.50064;-0.930774;-9.17983;7.14529;11.9939;-10.2724;-8.40907;10.9906;0.473676;
pizza;caltech/pizza/image_0022.jpg;-6.77494;3.14685;17.3076;1.90298;-9.49548;2.03886;12.6746;1.46461;-1.07079;7.814;1.85199;-7.97032;2.76253;8.8216;9.35633;1.51879;-1.47766;-8.62832;8.39382;12.6933;-11.2629;-9.29946;10.9805;-0.0085817;
umbrella;caltech/umbrella/image_0018.jpg;-6.92971;2.52502;18.0117;2.40804;-9.8751;3.10995;13.2203;1.65577;-1.66168;9.36705;2.55178;-10.0797;3.46468;9.99949;10.3092;3.86853;-1.92622;-10.4199;9.1443;13.6973;-10.6705;-11.6848;13.0979;0.731965;
umbrella;caltech/umbrella/image_0063.jpg;-6.96844;2.4559;18.3202;3.48123;-8.03389;2.72943;13.3309;0.0526646;-1.84513;9.09131;3.16191;-11.1192;4.23888;11.7917;11.5988;4.95467;-1.9209;-10.0234;8.93555;15.8392;-12.2439;-11.7725;14.6011;-1.02574;
umbrella;caltech/umbrella/image_0066.jpg;-7.42917;2.84144;18.1325;2.98008;-9.92811;3.13095;13.7227;1.23482;-1.60215;7.99974;3.25339;-10.6282;3.68282;11.5602;11.3735;4.13679;-2.01028;-10.2041;8.51252;14.4882;-11.8975;-11.5865;13.4911;-0.550764;
umbrella;caltech/umbrella/image_0001.jpg;-6.91761;2.55212;18.3642;2.78822;-8.6012;2.92169;13.0156;0.473514;-1.48293;8.78989;2.70662;-10.2898;3.95445;12.7802;10.8969;4.67659;-1.65483;-10.3581;8.72211;15.2839;-13.1552;-10.9996;13.4811;-1.3903;
umbrella;caltech/umbrella/image_0071.jpg;-6.65155;2.27008;18.0154;3.75917;-8.44047;3.59172;13.256;-0.240737;-1.50168;8.53233;3.35348;-10.7993;3.77973;12.2793;10.8785;3.91708;-2.1699;-9.69296;8.13172;15.8681;-12.4727;-11.2062;14.4664;-0.342377;
umbrella;caltech/umbrella/image_0039.jpg;-6.46348;2.21165;18.5011;2.73664;-10.3043;2.46027;13.5424;0.995909;-1.42187;8.60358;2.8614;-9.56768;4.10011;10.411;11.5314;4.34434;-1.93314;-9.67841;8.72571;14.2245;-11.1118;-12.327;12.5203;-1.01103;
umbrella;caltech/umbrella/image_0032.jpg;-5.25102;2.51798;14.5756;0.932718;-10.888;1.12457;13.1266;1.2126;-2.08082;8.10746;2.13359;-8.55501;2.03223;8.55491;9.13112;4.45251;-0.476131;-8.55792;7.26531;9.97492;-7.63807;-9.56285;8.22324;-0.163031;
umbrella;caltech/umbrella/image_0029.jpg;-6.65027;2.64117;18.4995;3.32207;-8.37692;3.12054;13.3512;0.0755709;-1.99371;9.15498;2.8961;-10.5597;4.21982;12.1378;11.6104;4.6547;-1.82869;-9.82597;9.02641;16.0278;-12.561;-11.3957;14.1396;-1.27295;
umbrella;caltech/umbrella/image_0037.jpg;-6.66138;1.92568;18.4374;3.53811;-8.21391;3.11045;13.0551;0.0595416;-2.1671;8.72089;3.37563;-10.7356;4.15374;12.5634;11.3822;4.62558;-2.38635;-10.4171;8.45255;15.9844;-12.9645;-11.247;14.6416;-0.810698;
umbrella;caltech/umbrella/image_0011.jpg;-6.37599;3.09981;18.1975;3.45498;-8.02532;1.68235;13.0905;0.0110725;-1.98167;9.02834;2.95204;-9.57953;4.44318;11.6722;11.6537;4.81543;-2.1522;-9.21153;7.69009;14.9592;-12.903;-11.0758;13.114;-1.28922;
umbrella;caltech/umbrella/image_0012.jpg;-7.06174;2.43808;18.199;3.38056;-7.90517;2.83289;13.4644;-0.421868;-2.10866;8.86444;3.32646;-11.3893;4.38724;12.5338;11.5141;4.53146;-1.77968;-9.94353;9.05578;16.1052;-12.4399;-11.3143;14.752;-0.982338;
umbrella;caltech/umbrella/image_0025.jpg;-6.54607;2.45781;18.1228;3.22031;-8.51839;2.9821;13.1241;0.131698;-1.96746;9.31153;2.84626;-10.5414;4.06853;12.6558;11.3275;4.88922;-2.40782;-9.94743;8.19112;15.9609;-12.8195;-11.5117;14.1624;-1.43915;
umbrella;caltech/umbrella/image_0023.jpg;-7.25813;2.21174;17.1149;1.76271;-9.34623;2.30135;11.3719;2.04986;-1.6222;7.66575;1.53192;-7.46927;2.65758;11.1433;9.66737;4.09639;-1.73367;-9.22214;7.65792;13.3576;-12.1787;-9.41191;10.6862;-0.774921;
umbrella;caltech/umbrella/image_0070.jpg;-6.54878;2.83074;17.2539;2.68275;-9.2122;2.37209;13.7642;0.942657;-0.823248;8.20513;3.12888;-10.601;3.21855;10.1989;10.693;3.11718;-1.18274;-9.51605;8.57615;13.6395;-10.0476;-10.7873;13.2608;0.602888;
umbrella;caltech/umbrella/image_0031.jpg;-6.13161;2.28599;18.2996;3.39395;-8.17682;2.91511;13.0598;0.195505;-1.78907;9.3483;2.67293;-10.3315;4.17508;12.4947;10.9843;4.66588;-2.37998;-10.2599;8.3731;15.6309;-12.8259;-11.3151;14.1217;-1.05727;
umbrella;caltech/umbrella/image_0030.jpg;-6.52796;2.54834;18.337;3.22967;-8.91505;2.85243;12.9989;0.74247;-2.0917;7.99995;2.4489;-9.65448;4.06679;11.5109;11.1363;4.20834;-2.35785;-9.71516;8.3331;14.9969;-12.9167;-11.1859;13.1416;-0.727227;
umbrella;caltech/umbrella/image_0019.jpg;-6.33072;3.2265;17.3795;2.67097;-9.618;3.51424;14.1271;0.66791;-0.875354;8.63446;1.53623;-10.0794;3.36888;10.9553;10.7064;3.50386;-2.53639;-9.33398;8.18035;14.4077;-10.7047;-11.1545;12.8092;-0.148645;
umbrella;caltech/umbrella/image_0069.jpg;-6.84855;2.2214;18.139;3.58411;-7.72526;3.03986;13.1991;-0.304422;-1.7319;8.73125;2.86845;-10.9385;4.35794;12.47;11.38;4.72934;-1.88504;-9.4931;8.89347;15.8594;-12.3725;-11.6584;14.7407;-1.03116;
umbrella;caltech/umbrella/image_0073.jpg;-6.59977;2.6169;17.9976;3.49067;-7.55938;3.0443;13.2266;-0.275973;-2.0521;9.02298;3.57158;-11.4285;4.72695;12.2224;11.9747;4.40279;-1.55653;-9.98432;8.99292;15.9692;-12.3638;-11.5902;14.9844;-1.07591;
umbrella;caltech/umbrella/image_0034.jpg;-7.0509;3.08282;17.8993;3.27809;-8.52464;2.98802;13.9241;0.672342;-1.57195;9.72144;3.51678;-11.416;4.23981;11.2355;11.7499;4.46879;-1.70272;-10.3671;9.40865;15.6293;-11.885;-12.0749;14.0464;-0.702292;
umbrella;caltech/umbrella/image_0036.jpg;-6.60843;2.07791;18.2282;3.62741;-8.67297;3.58335;13.0623;0.276383;-1.95523;8.57912;2.84137;-10.3309;3.88479;12.693;11.5366;4.8044;-1.93794;-9.58976;7.97729;16.141;-12.7683;-11.1179;14.5419;-0.612593;
umbrella;caltech/umbrella/image_0002.jpg;-6.46303;1.78593;18.1736;2.6927;-8.46863;2.6475;12.6605;0.182414;-2.41134;8.94049;2.61461;-10.1896;3.7239;13.0956;11.173;4.70987;-1.99177;-10.664;8.82283;15.0001;-12.8645;-11.3183;13.7497;-1.73649;
umbrella;caltech/umbrella/image_0064.jpg;-6.35534;2.35664;18.1136;3.36462;-8.38438;2.62706;13.3662;-0.0345775;-1.85117;9.10493;3.02021;-10.7194;4.28393;12.6063;11.862;4.37902;-2.09293;-9.93856;8.89137;15.6258;-12.4617;-11.4015;14.3012;-1.34009;
umbrella;caltech/umbrella/image_0068.jpg;-6.73804;2.38905;18.1139;3.63086;-7.67756;2.94192;13.423;-0.282468;-1.65372;8.93649;3.18606;-11.0501;4.23255;12.2815;11.8303;4.5325;-1.55696;-10.2066;8.59915;15.814;-12.6316;-11.4475;14.595;-0.736196;
umbrella;caltech/umbrella/image_0014.jpg;-6.83555;3.78437;17.5686;2.55769;-8.97956;2.56367;13.4691;1.22931;-1.15438;8.25532;3.19719;-9.95265;3.47884;10.5445;10.5146;3.60928;-1.17628;-9.87239;8.36943;13.9444;-10.8965;-10.7071;13.1991;0.410678;
umbrella;caltech/umbrella/image_0038.jpg;-6.52141;3.26297;17.6134;3.42274;-8.21773;2.25283;12.8427;1.20132;-1.65506;9.03683;2.78449;-9.45255;4.58049;11.9963;11.5243;4.44204;-2.27963;-9.39957;7.51129;14.7923;-12.6872;-10.4475;12.1791;-1.39105;
umbrella;caltech/umbrella/image_0017.jpg;-6.55534;2.88382;18.4389;3.03852;-8.16075;2.25776;13.2195;0.319046;-2.14582;9.45049;3.13485;-10.0756;4.14151;12.0218;11.9935;4.90262;-1.87095;-9.58335;8.89424;15.4821;-12.5952;-11.6176;13.795;-1.75519;
umbrella;caltech/umbrella/image_0075.jpg;-6.98304;3.43208;17.389;3.09964;-9.155;3.1382;13.9953;0.58313;-1.55986;8.34093;2.6863;-10.4829;2.81196;10.8959;10.5181;2.82366;-2.26157;-9.08981;8.64189;13.8956;-10.6536;-10.886;13.3018;-0.258263;
umbrella;caltech/umbrella/image_0008.jpg;-6.88798;2.9693;18.1082;3.54572;-9.26297;2.82252;13.5059;0.939455;-1.52981;8.52991;3.58211;-10.3373;4.09525;10.8149;10.9958;3.59581;-1.61442;-10.3763;8.94974;14.8789;-11.8324;-11.3344;13.8173;-0.0261314;
umbrella;caltech/umbrella/image_0033.jpg;-6.36122;2.255;18.2307;3.04287;-8.19198;3.62921;12.8267;0.417771;-1.66919;8.92159;2.05732;-10.1891;3.98354;11.8472;11.2972;4.60545;-2.76338;-9.59965;9.13197;14.0921;-11.4472;-11.8168;13.259;-0.382647;
umbrella;caltech/umbrella/image_0013.jpg;-6.70885;2.95711;16.502;1.49331;-10.5268;2.62165;13.6233;1.24758;-1.54893;7.76406;2.35037;-9.92388;3.00493;8.6832;9.71948;3.19948;-2.5906;-9.27516;8.96099;12.1326;-9.27466;-10.7035;12.373;1.23404;
umbrella;caltech/umbrella/image_0067.jpg;-7.07229;2.16227;17.9649;3.39496;-7.91324;3.82827;12.1448;0.886877;-0.941583;8.40695;3.5578;-10.5665;4.10274;11.0369;10.5561;3.70393;-1.07616;-10.2733;8.67173;14.6189;-10.8104;-10.4275;14.7682;1.08808;
umbrella;caltech/umbrella/image_0015.jpg;-7.28618;2.83557;18.261;3.24297;-8.61271;2.9973;13.5394;0.327318;-1.1219;9.01968;3.02881;-10.7997;3.74592;11.2104;11.1743;3.91287;-1.75703;-10.0497;8.6594;15.5548;-12.4476;-10.8494;14.1524;-0.787014;
umbrella;caltech/umbrella/image_0035.jpg;-7.15972;2.33943;17.8858;3.30369;-8.84752;3.17463;13.7326;0.813906;-1.86971;8.8116;3.19422;-10.9871;3.93516;11.4518;11.2737;4.08766;-1.99268;-9.97109;8.53905;15.4184;-12.0029;-11.5903;14.3784;-0.409231;
umbrella;caltech/umbrella/image_0074.jpg;-7.48221;2.41283;16.8091;1.68642;-10.3886;3.38597;13.366;1.35741;-1.44468;7.85702;2.86112;-10.1064;2.88129;9.40264;9.58599;3.33266;-1.36914;-9.76113;8.59155;12.8409;-10.1934;-10.8306;12.8446;0.436021;
umbrella;caltech/umbrella/image_0027.jpg;-6.5234;2.5879;18.1738;3.1019;-8.88343;2.83775;12.6;1.14512;-2.13398;9.26164;2.51787;-10.0376;4.2008;12.5924;11.1881;4.39445;-2.81865;-9.6314;8.16095;15.5043;-13.0047;-10.8729;13.7242;-1.45694;
umbrella;caltech/umbrella/image_0016.jpg;-6.57314;2.5412;18.4061;2.98582;-8.76981;2.72344;13.3546;0.11138;-2.16697;9.35783;3.35951;-10.335;3.87647;11.8729;11.7297;4.72475;-2.12717;-10.4709;8.43644;15.4474;-12.4334;-11.3315;13.5648;-1.70384;
umbrella;caltech/umbrella/image_0026.jpg;-6.86674;2.64569;18.8556;2.99609;-8.90795;2.7183;13.7797;0.655454;-1.57556;9.30683;2.59724;-10.6933;3.52605;11.502;11.4616;4.19159;-1.93304;-9.89235;8.42141;14.9924;-11.6635;-11.6112;13.9235;-0.925813;
umbrella;caltech/umbrella/image_0007.jpg;-6.6372;1.93244;17.9428;3.22671;-8.62576;3.10473;12.0744;0.657509;-1.88293;7.93418;3.00335;-9.94738;3.32935;12.4759;10.5919;3.70389;-1.83162;-9.4393;7.73873;15.1446;-12.9446;-9.52152;13.3653;-0.878154;
umbrella;caltech/umbrella/image_0065.jpg;-6.68584;2.19907;18.3315;3.68429;-8.04727;3.06794;12.9287;-0.215958;-1.66258;9.30472;2.96794;-10.51;4.56881;12.0991;11.0641;4.75406;-2.30554;-10.3526;8.73003;15.9624;-12.4474;-11.9746;13.8701;-1.1029;
